benchmark,cwe,marker,static_time,symb_time,total_time,exploit,
/bench/results/res-20240925T135331/CWE-22/559_GHSA-4wch-fwmx-cf47/augustine-0.2.2/index.js,CWE-22,Exited 0,30.736533,0.000101,30.7682,false,
/bench/results/res-20240925T135331/CWE-22/889_GHSA-cgjv-rghq-qhgp/algo-httpserv-1.1.1/httpserv.js,CWE-22,Timeout,0.,0.,300.003,false,
/bench/results/res-20240925T135331/CWE-22/425_GHSA-5c6f-jpx7-cwq6/enserver-1.0.0/index.js,CWE-22,Exited 0,35.09913,5.3e-05,35.1324,false,
/bench/results/res-20240925T135331/CWE-22/652_GHSA-wm77-q74p-5763/superstatic-5.0.1/lib/providers/fs.js,CWE-22,Exited 0,41.216709,1.04042,42.3003,false,
/bench/results/res-20240925T135331/CWE-22/965_GHSA-48gc-5j93-5cfq/serve-10.1.1/bin/serve.js,CWE-22,Exited 0,26.711318,0.000128,26.7394,false,
/bench/results/res-20240925T135331/CWE-22/367_GHSA-vhx6-cp8w-295m/serverliujiayi1-1.1.0/index.js,CWE-22,Exited 0,34.226663,0.000119,34.2631,false,
/bench/results/res-20240925T135331/CWE-22/458_GHSA-g5m5-v5cp-5p7m/wintiwebdev-1.0.0/src/app.js,CWE-22,Exited 2,0.,0.,0.0311081,false,
/bench/results/res-20240925T135331/CWE-22/GHSA-2hw7-mxvj-m455/node-red-dashboard-2.26.1/nodes/ui_base.js,CWE-22,Exited 0,33.889796,0.000121,33.9254,false,
/bench/results/res-20240925T135331/CWE-22/557_GHSA-m4vv-p6fq-jhqp/here-3.2.1/middleware/file_explorer.js,CWE-22,Exited 2,0.,0.,0.0313959,false,
/bench/results/res-20240925T135331/CWE-22/1173_GHSA-4x7w-frcq-v4m3/swagger-injector-3.0.1/frameworks/base.js,CWE-22,Exited 0,35.991646,9e-05,36.0271,false,
/bench/results/res-20240925T135331/CWE-22/432_GHSA-gf7h-vg5v-cch6/ritp-1.0.5/index.js,CWE-22,Exited 0,36.357555,0.0001,36.3859,false,
/bench/results/res-20240925T135331/CWE-22/435_GHSA-jwjq-vp53-ph6m/pytservce-1.0.0/src/index.js,CWE-22,Exited 2,0.,0.,0.024986,false,
/bench/results/res-20240925T135331/CWE-22/GHSA-hfwx-c7q6-g54c/highcharts-export-server-2.0.30/lib/server.js,CWE-22,Exited 0,52.280581,27.771846,80.0995,true,
/bench/results/res-20240925T135331/CWE-22/420_GHSA-74f5-4m28-gq5c/peiserver-1.0.0/index.js,CWE-22,Exited 0,34.459423,0.000122,34.4953,false,
/bench/results/res-20240925T135331/CWE-22/740_GHSA-23xp-j737-282v/takeapeek-0.2.2/dist/index.js,CWE-22,Exited 0,28.998896,0.00019,29.0328,false,
/bench/results/res-20240925T135331/CWE-22/426_GHSA-ccw5-7vfh-p5hm/dmmcquay.lab6-0.1.1/simple.js,CWE-22,Exited 0,35.246538,9e-05,35.2801,false,
/bench/results/res-20240925T135331/CWE-22/967_GHSA-45j8-pm75-5v8x/static-resource-server-1.7.2/src/helper/route,CWE-22,Exited 2,0.,0.,0.0276542,false,
/bench/results/res-20240925T135331/CWE-22/376_GHSA-9j5m-873f-xh76/static-html-server-0.1.2/static-html-server.js,CWE-22,Exited 0,36.122669,0.000132,36.1574,false,
/bench/results/res-20240925T135331/CWE-22/799_GHSA-2hhw-p8mg-jrm6/http-live-simulator-1.0.5/bin/http-live,CWE-22,Exited 0,30.380994,0.000135,30.4143,false,
/bench/results/res-20240925T135331/CWE-22/453_GHSA-jp46-fw6c-3pm9/scott-blanch-weather-app-0.1.2/server.js,CWE-22,Exited 0,36.904691,8.2e-05,36.9385,false,
/bench/results/res-20240925T135331/CWE-22/556_GHSA-7x92-2j68-h32c/featurebook-0.0.32/bin/featurebook.js,CWE-22,Exited 0,29.881285,0.000104,29.914,false,
/bench/results/res-20240925T135331/CWE-22/430_GHSA-6x8c-mvpv-5366/shit-server-1.0.0/index.js,CWE-22,Exited 0,36.805363,0.000122,36.8397,false,
/bench/results/res-20240925T135331/CWE-22/354_GHSA-q4cq-539c-3mmm/serveryztyzt-1.4.0/node.js,CWE-22,Exited 0,34.754722,9e-05,34.7863,false,
/bench/results/res-20240925T135331/CWE-22/452_GHSA-hqw4-8893-j4h7/simple-npm-registry-0.0.4/index.js,CWE-22,Exited 0,47.5113,9.7e-05,47.5459,false,
/bench/results/res-20240925T135331/CWE-22/451_GHSA-g376-whg7-896m/yjmyjmyjm-1.0.0/index.js,CWE-22,Exited 0,28.729898,0.000136,28.7651,false,
/bench/results/res-20240925T135331/CWE-22/463_GHSA-ggq8-j54v-54x8/sspa-0.1.0/sspa.js,CWE-22,Timeout,0.,0.,300.004,false,
/bench/results/res-20240925T135331/CWE-22/560_GHSA-68gr-cmcp-g3mj/lactate-0.13.12/lib/lactate.js,CWE-22,Exited 0,2.663391,0.,2.69819,false,
/bench/results/res-20240925T135331/CWE-22/GHSA-m33v-338h-4v9f/runtime-1.2.7/lib/storage/localfilesystem/projects/Project.js,CWE-22,Exited 0,3.012194,0.,3.0477,false,
/bench/results/res-20240925T135331/CWE-22/371_GHSA-g8wf-rcg3-qw4q/tinyserver2-0.5.2/tinyserver.js,CWE-22,Exited 0,35.664572,9.8e-05,35.698,false,
/bench/results/res-20240925T135331/CWE-22/454_GHSA-qh38-wrgf-cj2c/iter-server-1.0.0/http.js,CWE-22,Exited 0,38.477028,9.3e-05,38.5072,false,
/bench/results/res-20240925T135331/CWE-22/447_GHSA-jpjp-vxv6-59hm/open-device-4.0.1/lib/server-accessible.js,CWE-22,Exited 0,38.362229,1.02628,39.4314,true,
/bench/results/res-20240925T135331/CWE-22/GHSA-pmw4-jgxx-pcq9/ftp-srv-2.19.6/src/fs.js,CWE-22,Exited 0,41.320276,1.098892,42.4632,true,
/bench/results/res-20240925T135331/CWE-22/1008_GHSA-qjfh-xc44-rm9x/file-static-server-1.0.2/lib/file.js,CWE-22,Exited 0,36.09469,9.1e-05,36.1293,false,
/bench/results/res-20240925T135331/CWE-22/303_GHSA-xqqr-p362-6rmc/hostr-2.3.5/lib/routes/statics.js,CWE-22,Exited 0,36.077687,0.000124,36.1119,false,
/bench/results/res-20240925T135331/CWE-22/448_GHSA-25jw-gcfj-283j/360class.jansenhm-0.1.1/fileServer.js,CWE-22,Exited 0,34.156757,8.7e-05,34.1865,false,
/bench/results/res-20240925T135331/CWE-22/448_GHSA-25jw-gcfj-283j/360class.jansenhm-0.1.1/weatherServer.js,CWE-22,Exited 0,34.888345,9.1e-05,34.9202,false,
/bench/results/res-20240925T135331/CWE-22/391_GHSA-jpg7-6c9f-7q54/datachannel-client-1.0.2/server.js,CWE-22,Exited 0,34.061063,0.000102,34.0951,false,
/bench/results/res-20240925T135331/CWE-22/411_GHSA-6qh5-wx38-q92g/ltt.js-1.0.0/index.js,CWE-22,Exited 0,34.181388,8.6e-05,34.2152,false,
/bench/results/res-20240925T135331/CWE-22/554_GHSA-g8m7-qhv7-9h5x/serve-here-3.2.0/middleware/file-explorer.js,CWE-22,Exited 0,1.842043,0.,1.8717,false,
/bench/results/res-20240925T135331/CWE-22/468_GHSA-h372-w3xp-2jg3/section2.madisonjbrooks12-0.1.1/static.js,CWE-22,Exited 0,34.364137,0.000134,34.3982,false,
/bench/results/res-20240925T135331/CWE-22/561_GHSA-q2qh-cgc2-qhr3/serve-6.4.8/lib/server.js,CWE-22,Exited 0,31.024096,9.9e-05,31.0594,false,
/bench/results/res-20240925T135331/CWE-22/471_GHSA-v464-rcx7-j875/infraserver-0.0.1/infra.data.js,CWE-22,Exited 2,0.,0.,0.0305688,false,
/bench/results/res-20240925T135331/CWE-22/423_GHSA-frcq-4ffq-v4mw/lessindex-1.0.0/index.js,CWE-22,Exited 0,34.562814,8.2e-05,34.5979,false,
/bench/results/res-20240925T135331/CWE-22/380_GHSA-qpwf-4fx5-crqq/earlybird-0.1.7/tools.js,CWE-22,Exited 0,27.608356,8.4e-05,27.6425,false,
/bench/results/res-20240925T135331/CWE-22/395_GHSA-x2jj-x3q2-7hph/11xiaoli-1.1.0/dome.js,CWE-22,Exited 0,34.723919,9.2e-05,34.7543,false,
/bench/results/res-20240925T135331/CWE-22/676_GHSA-8h8v-6qqm-fwpq/express-cart-1.1.5/src/routes/admin.js,CWE-22,Exited 2,0.,0.,0.028883,false,
/bench/results/res-20240925T135331/CWE-22/438_GHSA-4vcm-qfxh-p6c3/getcityapi.yoehoehne-0.0.1/src/static.js,CWE-22,Exited 2,0.,0.,0.029717,false,
/bench/results/res-20240925T135331/CWE-22/373_GHSA-8h55-49jm-739x/easyquick-0.1.1/tools.js,CWE-22,Exited 0,27.574804,8.4e-05,27.6079,false,
/bench/results/res-20240925T135331/CWE-22/462_GHSA-8w74-g84v-c5w8/chatbyvista-0.1.0/server.js,CWE-22,Exited 0,38.108334,8.7e-05,38.1421,false,
/bench/results/res-20240925T135331/CWE-22/GHSA-4j46-mp85-mv8c/rollup-plugin-serve-1.0.1/dist/index.es.js,CWE-22,Exited 0,31.185861,8.2e-05,31.2208,false,
/bench/results/res-20240925T135331/CWE-22/431_GHSA-pxq7-4ppw-qp7f/serverzyy-1.0.0/index.js,CWE-22,Exited 0,34.306671,0.000119,34.342,false,
/bench/results/res-20240925T135331/CWE-22/342_GHSA-cch6-5x4h-6qc5/tiny-http-2.0.8/dist/http.js,CWE-22,Exited 0,44.027384,9.5e-05,44.0624,false,
/bench/results/res-20240925T135331/CWE-22/422_GHSA-5jg5-w395-9684/ltt-1.1.0/src/index.js,CWE-22,Exited 2,0.,0.,0.030252,false,
/bench/results/res-20240925T135331/CWE-22/424_GHSA-79p8-4cwq-rhqh/jn_jj_server-0.0.8/index.js,CWE-22,Exited 0,37.238661,8.9e-05,37.2717,false,
/bench/results/res-20240925T135331/CWE-22/89_GHSA-xg5r-8j97-2wrj/restafary-1.6.0/lib/restafary.js,CWE-22,Exited 0,36.938486,0.00015,36.9715,false,
/bench/results/res-20240925T135331/CWE-22/444_GHSA-xqfm-ff6g-24c7/dgard8.lab6-0.0.1/src/static.js,CWE-22,Exited 2,0.,0.,0.03089,false,
/bench/results/res-20240925T135331/CWE-22/346_GHSA-g7j3-p357-cw8p/f2e-server-1.12.11/nodeLib/index.js,CWE-22,Exited 0,2.781304,0.,2.81036,false,
/bench/results/res-20240925T135331/CWE-22/378_GHSA-j9wj-26p5-fj2v/gaoxuyan-1.1.0/index.js,CWE-22,Exited 0,33.938974,8.7e-05,33.9679,false,
/bench/results/res-20240925T135331/CWE-22/466_GHSA-m874-69ww-w7jq/whispercast-0.1.0/whispercast.js,CWE-22,Exited 0,35.80785,0.00012,35.8423,false,
/bench/results/res-20240925T135331/CWE-22/470_GHSA-j5mg-fpq8-vvxv/commentapp.stetsonwood-0.0.1/server.js,CWE-22,Exited 0,36.019646,8.2e-05,36.0557,false,
/bench/results/res-20240925T135331/CWE-22/465_GHSA-5x5w-v4xq-p64r/ewgaddis.lab6-0.1.1/simple.js,CWE-22,Exited 0,34.255616,0.00013,34.2861,false,
/bench/results/res-20240925T135331/CWE-22/1037_GHSA-gvff-25cc-4f66/restify-swagger-jsdoc-3.2.0/js/index.js,CWE-22,Exited 0,44.264188,0.18179,44.4816,false,
/bench/results/res-20240925T135331/CWE-22/407_GHSA-wqr3-24xm-fxhq/wffserve-1.0.0/index.js,CWE-22,Exited 0,34.36137,0.0001,34.3946,false,
/bench/results/res-20240925T135331/CWE-22/389_GHSA-f2rc-6xjq-95gq/shenliru-1.2.0/index.js,CWE-22,Exited 0,34.055154,8.2e-05,34.0881,false,
/bench/results/res-20240925T135331/CWE-22/305_GHSA-2r7f-4h2c-5x73/fury-adapter-swagger-0.9.6/lib/parser.js,CWE-22,Exited 0,37.316489,0.000147,37.3513,false,
/bench/results/res-20240925T135331/CWE-22/460_GHSA-8xj3-7258-w4q2/dasafio-1.2.0/desafio.js,CWE-22,Exited 0,34.724228,9e-05,34.7583,false,
/bench/results/res-20240925T135331/CWE-22/464_GHSA-f8rj-4v7g-p5rj/jansenstuffpleasework-0.1.1/fileServer.js,CWE-22,Exited 0,34.41654,9e-05,34.4504,false,
/bench/results/res-20240925T135331/CWE-22/95_GHSA-6cpc-mj5c-m9rq/cli-0.11.3/cli.js,CWE-22,Exited 0,47.465017,0.000124,47.5,false,
/bench/results/res-20240925T135331/CWE-22/1025_GHSA-crf7-fvjx-863q/zero-1.0.4/lib/router/index.js,CWE-22,Exited 0,31.803076,0.000106,31.8381,false,
/bench/results/res-20240925T135331/CWE-22/641_GHSA-3r8f-gphx-9m2c/mcstatic-0.0.20/lib/staticFileHandler.js,CWE-22,Exited 0,38.329798,2.735606,41.1103,true,
/bench/results/res-20240925T135331/CWE-22/36_GHSA-69rr-wvh9-6c4q/st-0.2.3/st.js,CWE-22,Exited 0,39.084088,8.3e-05,39.116,false,
/bench/results/res-20240925T135331/CWE-22/370_GHSA-vxwf-pprx-wc25/citypredict.whauwiller-0.1.1/weather_server.js,CWE-22,Exited 0,35.896101,0.000132,35.9297,false,
/bench/results/res-20240925T135331/CWE-22/478_GHSA-pq5x-rprq-8jrj/exxxxxxxxxxx-1.0.2/lib/loop.js,CWE-22,Exited 0,29.54733,0.000121,29.5896,false,
/bench/results/res-20240925T135331/CWE-22/440_GHSA-m69q-pmxg-vqch/cypserver-1.0.0/index.js,CWE-22,Exited 0,35.397812,9.8e-05,35.4378,false,
/bench/results/res-20240925T135331/CWE-22/372_GHSA-whcm-29f4-j4mx/zwserver-0.1.1/src/server.js,CWE-22,Exited 2,0.,0.,0.036593,false,
/bench/results/res-20240925T135331/CWE-22/352_GHSA-5w8q-x7hc-jhp6/node-simple-router-0.10.0/lib/router.js,CWE-22,Exited 0,53.792459,9.9e-05,53.8319,false,
/bench/results/res-20240925T135331/CWE-22/399_GHSA-hhff-3c89-5m7p/byucslabsix-0.0.5/server.js,CWE-22,Exited 0,33.158598,9.2e-05,33.1985,false,
/bench/results/res-20240925T135331/CWE-22/413_GHSA-xj6q-9hx8-mm7f/liuyaserver-1.0.0/node.js,CWE-22,Exited 0,35.146915,9e-05,35.1825,false,
/bench/results/res-20240925T135331/CWE-22/455_GHSA-wh33-4p32-g7vh/serverxxx-1.0.0/src/index.js,CWE-22,Exited 2,0.,0.,0.0315428,false,
/bench/results/res-20240925T135331/CWE-22/343_GHSA-3cgg-gh9j-w8vm/iter-http-1.0.13/bin/iter-http.js,CWE-22,Exited 2,0.,0.,0.0352011,false,
/bench/results/res-20240925T135331/CWE-22/477_GHSA-3vg2-4qxc-ch4j/unicorn-list-1.0.3/app/server.js,CWE-22,Exited 0,34.027459,0.0001,34.0666,false,
/bench/results/res-20240925T135331/CWE-22/383_GHSA-9frq-f867-hgqc/fast-http-cli-0.0.8/fast-http.js,CWE-22,Exited 0,29.841329,8.5e-05,29.8796,false,
/bench/results/res-20240925T135331/CWE-22/388_GHSA-8fv7-vm2p-5495/welcomyzt-1.1.0/node.js,CWE-22,Exited 0,35.411449,0.000132,35.4553,false,
/bench/results/res-20240925T135331/CWE-22/428_GHSA-m362-87jc-f39v/uv-tj-demo-1.0.0/server.js,CWE-22,Exited 0,36.601012,0.000156,36.6431,false,
/bench/results/res-20240925T135331/CWE-22/443_GHSA-f7jg-mcvw-9gwv/reecerver-0.1.2/server.js,CWE-22,Exited 0,35.390105,0.000106,35.4238,false,
/bench/results/res-20240925T135331/CWE-22/433_GHSA-78h7-fgq9-625x/quickserver-1.1.0/lib/quickserver.js,CWE-22,Exited 0,29.871113,0.000128,29.9051,false,
/bench/results/res-20240925T135331/CWE-22/418_GHSA-rr77-w4w8-w8wp/tencent-server-0.0.2/tencent-server.js,CWE-22,Exited 0,35.550308,0.000138,35.5847,false,
/bench/results/res-20240925T135331/CWE-22/385_GHSA-vcqg-cmv3-wj57/rtcmulticonnection-client-1.0.5/server.js,CWE-22,Exited 0,35.274103,0.000128,35.3083,false,
/bench/results/res-20240925T135331/CWE-22/419_GHSA-m8pw-hgvj-cwcm/sgqserve-1.0.0/index.js,CWE-22,Exited 0,34.864077,0.000131,34.8989,false,
/bench/results/res-20240925T135331/CWE-22/150_GHSA-f5mh-hq6h-whxv/bitty-0.2.10/index.js,CWE-22,Exited 0,38.224221,8.9e-05,38.2579,false,
/bench/results/res-20240925T135331/CWE-22/390_GHSA-rrfc-g2gh-xvjm/22lixian-1.0.0/demo.js,CWE-22,Exited 0,34.717821,0.000134,34.7512,false,
/bench/results/res-20240925T135331/CWE-22/456_GHSA-qw9c-8p76-3q2x/serve46-1.0.0/index.js,CWE-22,Exited 0,35.129035,9.9e-05,35.1626,false,
/bench/results/res-20240925T135331/CWE-22/GHSA-v3px-6cc8-f8j3/servey-2.2.0/lib/server/index.js,CWE-22,Exited 0,1.922299,0.,1.9564,false,
/bench/results/res-20240925T135331/CWE-22/412_GHSA-4vfj-c2xf-8r48/looppake-3.0.0/index.js,CWE-22,Exited 0,34.021126,0.000129,34.055,false,
/bench/results/res-20240925T135331/CWE-22/476_GHSA-cpp2-q66x-fq44/jikes-0.0.1/app.js,CWE-22,Exited 0,40.266772,0.000125,40.3019,false,
/bench/results/res-20240925T135331/CWE-22/1092_GHSA-vx5w-cxch-wwc9/f-serv-0.2.0/lib/f-serv.js,CWE-22,Exited 0,29.962937,0.000119,29.996,false,
/bench/results/res-20240925T135331/CWE-22/386_GHSA-pr8j-3v7m-j4vv/myprolyz-1.1.0/src/index.js,CWE-22,Exited 2,0.,0.,0.0313079,false,
/bench/results/res-20240925T135331/CWE-22/384_GHSA-76p6-gpvf-6wmv/hftp-0.0.6/lib/static_server.js,CWE-22,Exited 0,36.752177,0.000103,36.7854,false,
/bench/results/res-20240925T135331/CWE-22/475_GHSA-7vq3-wcjw-3fxh/lab6.brit95-0.1.1/static.js,CWE-22,Exited 0,34.466614,9.4e-05,34.4997,false,
/bench/results/res-20240925T135331/CWE-22/394_GHSA-2958-5r4r-wvv6/caolilinode-1.0.0/caolili.js,CWE-22,Exited 0,34.299423,9.4e-05,34.3317,false,
/bench/results/res-20240925T135331/CWE-22/350_GHSA-94x5-94wf-m445/gomeplus-h5-proxy-1.0.15/command.js,CWE-22,Exited 0,27.005183,0.000135,27.0396,false,
/bench/results/res-20240925T135331/CWE-22/1438_GHSA-v45m-2wcp-gg98/bin-links-1.1.5/index.js,CWE-22,Exited 0,31.131327,0.000136,31.1655,false,
/bench/results/res-20240925T135331/CWE-22/397_GHSA-f499-jv47-9wxf/desafio-1.1.0/desafio.js,CWE-22,Exited 0,35.131158,8.3e-05,35.1563,false,
/bench/results/res-20240925T135331/CWE-22/364_GHSA-2f29-pmpx-vj62/serverwg-1.0.0/index.js,CWE-22,Exited 0,34.473232,0.000128,34.5071,false,
/bench/results/res-20240925T135331/CWE-22/421_GHSA-p2r2-h92r-w2mg/mfrserver-1.0.0/index.js,CWE-22,Exited 0,34.775429,0.0001,34.8135,false,
/bench/results/res-20240925T135331/CWE-22/805_GHSA-74cp-qw7f-7hpw/statics-server-0.0.9/index.js,CWE-22,Exited 0,34.53629,0.000144,34.5684,false,
/bench/results/res-20240925T135331/CWE-22/GHSA-8pww-pp5r-rff8/marscode-1.0.1-0/index.js,CWE-22,Exited 0,35.168078,9.1e-05,35.2023,false,
/bench/results/res-20240925T135331/CWE-22/1143_GHSA-2j5x-56p6-hj6x/statichttpserver-0.9.7/lib/middleware/directory.js,CWE-22,Exited 0,29.360948,0.000102,29.3949,false,
/bench/results/res-20240925T135331/CWE-22/459_GHSA-pr49-5hhf-6mm6/serverabc-1.0.0/index.js,CWE-22,Exited 0,34.505215,0.000145,34.5398,false,
/bench/results/res-20240925T135331/CWE-22/396_GHSA-hpw4-m59j-9p52/dylmomo-1.0.0/index.js,CWE-22,Exited 0,34.293966,0.000122,34.3307,false,
/bench/results/res-20240925T135331/CWE-22/349_GHSA-xq98-5rcf-5wqh/badjs-sourcemap-server-0.1.11/index.js,CWE-22,Exited 0,27.36433,0.000103,27.3984,false,
/bench/results/res-20240925T135331/CWE-22/1144_GHSA-4vvp-x9h2-x2vf/public-0.1.5/bin/public,CWE-22,Exited 0,26.491818,0.000103,26.525,false,
/bench/results/res-20240925T135331/CWE-22/445_GHSA-vgjp-vh3c-32v3/mockserve-2.0.6/mock.js,CWE-22,Exited 2,0.,0.,0.030849,false,
/bench/results/res-20240925T135331/CWE-22/25_GHSA-44g9-w23c-5rw7/nhouston-2.0.2/lib/server.js,CWE-22,Exited 0,45.561484,1.960462,47.5672,true,
/bench/results/res-20240925T135331/CWE-22/414_GHSA-mwj7-r5vc-hmc9/hcbserver-1.0.0/index.js,CWE-22,Exited 0,34.230648,0.000129,34.2678,false,
/bench/results/res-20240925T135331/CWE-22/1335_GHSA-qccf-q7p4-3q3j/safe-object2-1.0.3/index.js,CWE-22,Exited 0,29.151995,0.000149,29.2,false,
/bench/results/res-20240925T135331/CWE-22/339_GHSA-cqv6-7fwc-8m3c/xtalk-0.0.7/index.js,CWE-22,Exited 0,52.182962,2.450935,54.6845,true,
/bench/results/res-20240925T135331/CWE-22/437_GHSA-jjgw-jf33-7fg9/mfrs-1.0.0/index.js,CWE-22,Exited 0,34.908702,0.000129,34.943,false,
/bench/results/res-20240925T135331/CWE-22/1519_GHSA-9h4g-27m8-qjrg/socket.io-file-2.0.31/index.js,CWE-22,Exited 0,30.883691,0.00013,30.9187,false,
/bench/results/res-20240925T135331/CWE-22/434_GHSA-cxwc-8pqp-2whw/qinserve-1.0.0/index.js,CWE-22,Exited 0,34.869592,8.8e-05,34.9019,false,
/bench/results/res-20240925T135331/CWE-22/GHSA-xr8h-53xr-jhcm/marked-tree-0.8.1/index.js,CWE-22,Exited 0,36.666295,9.2e-05,36.7012,false,
/bench/results/res-20240925T135331/CWE-22/400_GHSA-c3h5-qchh-46hh/yyooopack-3.0.0/src/node.js,CWE-22,Exited 2,0.,0.,0.0306451,false,
/bench/results/res-20240925T135331/CWE-22/1077_GHSA-2mp5-m968-gwr2/v0.2.6.tar/http-file-server.js,CWE-22,Exited 2,0.,0.,0.0290511,false,
/bench/results/res-20240925T135331/CWE-22/473_GHSA-pwqj-h62h-q35c/goserv-1.0.0/lib/goserv.js,CWE-22,Exited 0,37.717988,9.1e-05,37.7521,false,
/bench/results/res-20240925T135331/CWE-22/377_GHSA-qhf6-vqq9-q2p7/gaoxiaotingtingting-1.1.0/index.js,CWE-22,Exited 0,34.778855,9e-05,34.8098,false,
/bench/results/res-20240925T135331/CWE-22/381_GHSA-w3cg-6577-wx9f/cuciuci-1.1.0/index.js,CWE-22,Exited 0,35.397779,8.4e-05,35.4277,false,
/bench/results/res-20240925T135331/CWE-22/375_GHSA-j6w4-pg6p-5mrv/tmock-0.0.7/app.js,CWE-22,Exited 0,37.804766,0.000108,37.8382,false,
/bench/results/res-20240925T135331/CWE-22/439_GHSA-8vmc-g99q-xj94/dcdcdcdcdc-1.0.0/node.js,CWE-22,Exited 0,35.677634,0.000107,35.7114,false,
/bench/results/res-20240925T135331/CWE-22/450_GHSA-pm44-7gw9-6g8p/uekw1511server-1.0.1/index.js,CWE-22,Exited 0,35.049014,0.000142,35.0817,false,
/bench/results/res-20240925T135331/CWE-22/374_GHSA-xpqw-fqpw-35fc/wangguojing123-1.3.0/index.js,CWE-22,Exited 0,34.633755,0.000132,34.669,false,
/bench/results/res-20240925T135331/CWE-22/461_GHSA-23wc-v4mf-x7v4/intsol-package-1.0.0/index.js,CWE-22,Exited 0,35.619079,0.000142,35.6546,false,
/bench/results/res-20240925T135331/CWE-22/802_GHSA-rv49-54qp-fw42/servey-2.2.0/lib/server/index.js,CWE-22,Exited 0,1.907494,0.,1.94198,false,
/bench/results/res-20240925T135331/CWE-22/347_GHSA-6w83-22gj-5pv9/cyber-js-1.0.7/app.js,CWE-22,Exited 0,35.943363,9.6e-05,35.9774,false,
/bench/results/res-20240925T135331/CWE-22/14_GHSA-g4xp-36c3-f7mr/inert-1.1.0/lib/directory.js,CWE-22,Exited 0,33.463945,0.000142,33.4975,false,
/bench/results/res-20240925T135331/CWE-22/32_GHSA-xwg4-93c6-3h42/send-0.8.3/lib/send.js,CWE-22,Exited 0,38.342098,0.000172,38.3715,false,
/bench/results/res-20240925T135331/CWE-22/1003_GHSA-vfp9-gwrh-wq9g/crud-file-server-0.8.0/crud-file-server.js,CWE-22,Exited 0,77.663299,3.305871,81.0113,true,
/bench/results/res-20240925T135331/CWE-22/665_GHSA-fm87-46vv-jqrr/html-pages-2.0.9/lib/server.js,CWE-22,Exited 0,30.393813,9.3e-05,30.4297,false,
/bench/results/res-20240925T135331/CWE-22/382_GHSA-j38m-7q52-fgfh/node-server-forfront-0.10.7/node-server.js,CWE-22,Exited 0,1.882465,0.,1.91083,false,
/bench/results/res-20240925T135331/CWE-22/398_GHSA-756f-6j3f-48q9/calmquist.static-server-0.1.1/static-server.js,CWE-22,Exited 0,34.059519,0.000108,34.0924,false,
/bench/results/res-20240925T135331/CWE-22/427_GHSA-xgf5-5gjr-4hjq/zjjserver-1.0.0/index.js,CWE-22,Exited 0,35.138672,0.000102,35.1733,false,
/bench/results/res-20240925T135331/CWE-22/393_GHSA-fg6m-q92x-vv38/dcserver-1.0.0/index.js,CWE-22,Exited 0,34.65815,9.9e-05,34.6911,false,
/bench/results/res-20240925T135331/CWE-22/469_GHSA-rgq8-25qc-h54q/myserver.alexcthomas18-0.0.1/static.js,CWE-22,Exited 0,35.282056,0.000163,35.3136,false,
/bench/results/res-20240925T135331/CWE-22/345_GHSA-c3hr-wwh3-qm54/fsk-server-0.2.1/index.js,CWE-22,Exited 0,35.865887,0.000127,35.9003,false,
/bench/results/res-20240925T135331/CWE-22/777_GHSA-73v8-v6g4-vrpm/decompress-zip-0.3.1/lib/extractor.js,CWE-22,Exited 2,0.,0.,0.0296741,false,
/bench/results/res-20240925T135331/CWE-22/GHSA-frpw-jrwx-hcfv/node-red-contrib-huemagic-3.0.0/huemagic/hue-magic.js,CWE-22,Exited 0,39.956225,0.967342,40.9658,true,
/bench/results/res-20240925T135331/CWE-22/355_GHSA-gqfv-g9f6-3v3m/serveryaozeyan-1.0.4/index.js,CWE-22,Exited 0,34.622169,9.5e-05,34.6551,false,
/bench/results/res-20240925T135331/CWE-22/990_GHSA-m8cr-q935-8j67/buttle-0.3.1/lib/mid-buttle.js,CWE-22,Exited 0,39.371179,0.,40.4089,false,
/bench/results/res-20240925T135331/CWE-22/344_GHSA-23vf-5g53-hm9q/87de3f13465e9d4d21eb75be8143cdc4085a19b3/server.js,CWE-22,Exited 2,0.,0.,0.0243831,false,
/bench/results/res-20240925T135331/CWE-22/363_GHSA-g87g-4x3w-f8jp/serverwzl-1.3.1/src/index.js,CWE-22,Exited 2,0.,0.,0.023458,false,
/bench/results/res-20240925T135331/CWE-78/GHSA-wj6h-7chw-x4h2/get-git-data-1.3.1/index.js,CWE-78,Exited 0,39.05471,123.639597,162.747,true,
/bench/results/res-20240925T135331/CWE-78/998_GHSA-g8vp-6hv4-m67c/entitlements-1.2.0/index.js,CWE-78,Exited 0,32.078411,1.069185,33.201,true,
/bench/results/res-20240925T135331/CWE-78/GHSA-753c-phhg-cj29/madge-4.0.0/lib/graph.js,CWE-78,Exited 0,45.50268,4.120217,49.6752,true,
/bench/results/res-20240925T135331/CWE-78/1499_GHSA-8whr-v3gm-w8h9/node-rules-4.0.2/lib/node-rules.js,CWE-78,Exited 0,42.751858,12.563063,55.3725,true,
/bench/results/res-20240925T135331/CWE-78/GHSA-x67x-98x7-wv26/gulp-tape-1.0.0/index.js,CWE-78,Exited 0,38.041789,0.938193,39.0281,true,
/bench/results/res-20240925T135331/CWE-78/1492_GHSA-9px9-f7jw-fwhj/priest-runner-0.3.12/src/middleware.js,CWE-78,Exited 0,33.307067,0.000106,33.3469,false,
/bench/results/res-20240925T135331/CWE-78/1432_GHSA-884p-74jh-xrg2/tree-kill-1.2.1/index.js,CWE-78,Exited 0,39.367221,6.453846,45.8735,true,
/bench/results/res-20240925T135331/CWE-78/GHSA-qm28-7hqv-wg5j/ng-packagr-10.1.0/lib/styles/stylesheet-processor.js,CWE-78,Exited 0,1.882976,0.,1.91978,false,
/bench/results/res-20240925T135331/CWE-78/GHSA-45w5-pvr8-4rh5/eslint-fixer-0.1.5/index.js,CWE-78,Exited 0,38.257947,1.07112,39.3813,true,
/bench/results/res-20240925T135331/CWE-78/GHSA-mm4f-47ch-f7hx/kill-by-port-0.0.1/index.js,CWE-78,Exited 0,31.98463,1.92849,33.9762,true,
/bench/results/res-20240925T135331/CWE-78/1174_GHSA-549f-73hh-mj38/gitlabhook-0.0.17/gitlabhook.js,CWE-78,Exited 0,51.438791,6.635854,58.1458,true,
/bench/results/res-20240925T135331/CWE-78/1067_GHSA-2m96-9w4j-wgv7/lodash.merge-4.6.0/index.js,CWE-78,Exited 0,38.545999,8.6e-05,38.5815,false,
/bench/results/res-20240925T135331/CWE-78/694_GHSA-c9j3-wqph-5xx9/egg-scripts-2.8.0/lib/cmd/start.js,CWE-78,Exited 0,60.57904,0.94116,61.5556,false,
/bench/results/res-20240925T135331/CWE-78/659_GHSA-cff4-rrq6-h78w/command-exists-1.2.3/lib/command-exists.js,CWE-78,Exited 0,40.501219,0.,119.294,true,
/bench/results/res-20240925T135331/CWE-78/1480_GHSA-g9cg-h3jm-cwrc/subtext-7.0.2/lib/index.js,CWE-78,Exited 0,31.474773,7.8e-05,31.5076,false,
/bench/results/res-20240925T135331/CWE-78/GHSA-g4hj-r7r3-9rwv/gulp-scss-lint-1.0.0/src/command.js,CWE-78,Exited 0,42.209173,1.994328,44.2529,true,
/bench/results/res-20240925T135331/CWE-78/670_GHSA-5gwh-g79j-vh4q/pdf-image-1.0.5/index.js,CWE-78,Exited 0,39.400463,8.3e-05,39.4294,false,
/bench/results/res-20240925T135331/CWE-78/GHSA-4gfq-6m28-m5mg/freediskspace-0.1.2/freediskspace.js,CWE-78,Exited 0,38.156974,1.12197,39.3159,true,
/bench/results/res-20240925T135331/CWE-78/663_GHSA-28xh-wpgr-7fm8/open-0.0.5/lib/open.js,CWE-78,Exited 0,33.786213,121.094648,154.935,true,
/bench/results/res-20240925T135331/CWE-78/1507_GHSA-426h-24vj-qwxf/npm-programmatic-0.0.12/index.js,CWE-78,Exited 0,44.054205,2.01397,46.1188,true,
/bench/results/res-20240925T135331/CWE-78/GHSA-q6pj-jh94-5fpr/docker-compose-remote-api-0.1.4/index.js,CWE-78,Exited 0,44.486087,2.195107,46.7286,true,
/bench/results/res-20240925T135331/CWE-78/728_GHSA-cfhg-9x44-78h2/ps-0.0.2/lib/index.js,CWE-78,Exited 0,32.614885,2.017679,34.6786,true,
/bench/results/res-20240925T135331/CWE-78/GHSA-8mrf-64fw-2x75/fs-path-0.0.24/lib/index.js,CWE-78,Exited 0,49.397277,126.803521,176.258,true,
/bench/results/res-20240925T135331/CWE-78/1446_GHSA-7r9x-hr76-jr96/giting-0.0.8/lib/git.js,CWE-78,Exited 0,48.696838,2.706332,51.4512,false,
/bench/results/res-20240925T135331/CWE-78/GHSA-r9vm-rhmf-7hxx/im-resize-2.3.2/index.js,CWE-78,Exited 0,35.166706,0.,36.282,false,
/bench/results/res-20240925T135331/CWE-78/GHSA-fg5w-w99f-rj6w/opened-1.5.1/index.js,CWE-78,Exited 0,31.95456,8.4e-05,31.9896,false,
/bench/results/res-20240925T135331/CWE-78/GHSA-vh8f-xw5v-8993/macfromip-1.1.1/macfromip.js,CWE-78,Exited 0,30.436296,9.1e-05,30.4638,false,
/bench/results/res-20240925T135331/CWE-78/GHSA-jff2-qjw8-5476/systeminformation-4.34.23/lib/processes.js,CWE-78,Timeout,0.,0.,300.003,false,
/bench/results/res-20240925T135331/CWE-78/GHSA-jff2-qjw8-5476/systeminformation-4.34.23/lib/util.js,CWE-78,Timeout,0.,0.,300.002,false,
/bench/results/res-20240925T135331/CWE-78/GHSA-4j54-mxf6-wxx2/pomelo-monitor-0.3.7/lib/processMonitor.js,CWE-78,Exited 0,1.756096,0.,1.78968,false,
/bench/results/res-20240925T135331/CWE-78/GHSA-rj44-gpjc-29r7/egf-0.3.21/tags.js,CWE-78,Exited 0,29.282683,0.000127,29.3171,false,
/bench/results/res-20240925T135331/CWE-78/GHSA-r3j7-x2g5-9gx6/samba-client-3.4.0/index.js,CWE-78,Exited 0,46.145765,0.191706,46.3704,false,
/bench/results/res-20240925T135331/CWE-78/1431_GHSA-wp7m-mrvf-599c/node-df-0.1.4/lib/index.js,CWE-78,Exited 0,34.557808,1.018848,35.6184,true,
/bench/results/res-20240925T135331/CWE-78/GHSA-2548-q746-x5x6/port-killer-1.0.1/index.js,CWE-78,Exited 0,37.137237,1.860795,39.045,true,
/bench/results/res-20240925T135331/CWE-78/117_GHSA-qg8p-v9q4-gh34/shell-quote-1.6.0/index.js,CWE-78,Exited 0,31.117006,0.000121,31.1496,false,
/bench/results/res-20240925T135331/CWE-78/1440_GHSA-cfwc-xjfp-44jg/gnuplot-0.3.1/gnuplot.js,CWE-78,Exited 0,30.000565,8.3e-05,30.0361,false,
/bench/results/res-20240925T135331/CWE-78/GHSA-4228-7qvx-f4rq/devcert-1.1.1/dist/utils.js,CWE-78,Exited 0,30.501352,9e-05,30.5345,false,
/bench/results/res-20240925T135331/CWE-78/797_GHSA-wqhw-frpx-5mmp/tomato-0.0.7/lib/api/index.js,CWE-78,Exited 0,2.243877,0.,2.27687,false,
/bench/results/res-20240925T135331/CWE-78/GHSA-7vm7-j8p7-h346/blamer-0.1.13/src/vcs/svn.js,CWE-78,Exited 0,38.991147,0.941185,39.9739,true,
/bench/results/res-20240925T135331/CWE-78/GHSA-7vm7-j8p7-h346/blamer-0.1.13/src/vcs/git.js,CWE-78,Exited 0,32.421865,0.965796,33.417,true,
/bench/results/res-20240925T135331/CWE-78/GHSA-g4xj-wcq6-qwx5/mock2easy-0.0.24/server/getJsonByCurl.js,CWE-78,Timeout,0.,0.,300.003,false,
/bench/results/res-20240925T135331/CWE-78/1457_GHSA-qcff-ffx3-m25c/meta-git-1.1.3/bin/meta-git-clone,CWE-78,Exited 0,29.082132,0.000102,29.1155,false,
/bench/results/res-20240925T135331/CWE-78/954_GHSA-4q8f-5xxj-946r/addax-1.0.6/server.js,CWE-78,Exited 0,35.936767,9.1e-05,35.9668,false,
/bench/results/res-20240925T135331/CWE-78/1433_GHSA-533p-g2hq-qr26/treekill-1.0.0/index.js,CWE-78,Exited 0,34.078248,7.081308,41.2021,true,
/bench/results/res-20240925T135331/CWE-78/GHSA-whq6-mj2r-mjqc/lsof-0.0.4/lib/lsof.js,CWE-78,Exited 0,26.752362,3.109682,29.9074,true,
/bench/results/res-20240925T135331/CWE-78/GHSA-2m8v-572m-ff2v/systeminformation-4.34.23/lib/processes.js,CWE-78,Timeout,0.,0.,300.004,false,
/bench/results/res-20240925T135331/CWE-78/GHSA-2m8v-572m-ff2v/systeminformation-4.34.23/lib/util.js,CWE-78,Timeout,0.,0.,300.003,false,
/bench/results/res-20240925T135331/CWE-78/668_GHSA-m7qm-r2r5-f77q/react-marked-markdown-1.4.6/dist/components/MarkdownPreview.js,CWE-78,Exited 0,30.772389,8.4e-05,30.8081,false,
/bench/results/res-20240925T135331/CWE-78/1465_GHSA-rjvj-673q-4hfw/traceroute-1.0.0/traceroute.js,CWE-78,Exited 0,35.986753,8.5e-05,36.0217,false,
/bench/results/res-20240925T135331/CWE-78/960_GHSA-j6v9-xgvh-f796/wxchangba-1.0.3/src/server/wx.js,CWE-78,Exited 0,39.654543,8.5e-05,39.6835,false,
/bench/results/res-20240925T135331/CWE-78/953_GHSA-mxmj-84q8-34r7/expressfs-0.2.10/expressfs.server.js,CWE-78,Exited 0,48.664886,6.215669,54.9231,true,
/bench/results/res-20240925T135331/CWE-78/GHSA-6m8p-4fxj-pgc2/mversion-1.13.0/lib/git.js,CWE-78,Exited 0,37.565939,9.8e-05,37.5955,false,
/bench/results/res-20240925T135331/CWE-78/604_GHSA-wjr4-2jgw-hmv8/whereis-0.4.0/index.js,CWE-78,Exited 0,38.944636,3.931845,42.9234,true,
/bench/results/res-20240925T135331/CWE-78/GHSA-ph32-23p8-9rw5/network-manager-1.0.2/common.js,CWE-78,Exited 0,33.084287,1.065746,34.1944,true,
/bench/results/res-20240925T135331/CWE-78/GHSA-f8fh-8rgm-227h/node-prompt-here-1.0.1/index.js,CWE-78,Exited 0,35.002157,1.246747,36.295,true,
/bench/results/res-20240925T135331/CWE-78/GHSA-4449-hg37-77v8/total.js-3.4.6/image.js,CWE-78,Timeout,0.,0.,300.003,false,
/bench/results/res-20240925T135331/CWE-78/GHSA-487w-pqcm-63hq/buns-1.1.6/lib/index.js,CWE-78,Exited 0,48.346102,7e-05,48.3797,false,
/bench/results/res-20240925T135331/CWE-78/GHSA-7h8x-wmq2-7mff/launchpad-0.7.5/lib/local/instance.js,CWE-78,Exited 0,37.020406,0.000152,37.0546,false,
/bench/results/res-20240925T135331/CWE-78/GHSA-xmxh-g7wj-8m4m/curling-1.0.0/lib/curl-transport.js,CWE-78,Exited 0,33.672237,1.069415,34.7802,true,
/bench/results/res-20240925T135331/CWE-78/GHSA-333x-qr3v-g4xx/spritesheet-js-1.2.6/lib/generator.js,CWE-78,Exited 0,71.398807,16.517884,87.9665,true,
/bench/results/res-20240925T135331/CWE-78/GHSA-49q3-8867-5wmp/reg-keygen-git-hash-plugin-0.10.15/lib/git-cmd-client.js,CWE-78,Exited 0,35.896308,0.000172,35.9348,false,
/bench/results/res-20240925T135331/CWE-78/GHSA-8px5-63x9-5c7p/pullit-1.3.0/src/index.js,CWE-78,Exited 0,38.257538,0.948175,39.2463,true,
/bench/results/res-20240925T135331/CWE-78/GHSA-4rv9-5vc4-88cg/node-ps-0.0.2/lib/index.js,CWE-78,Exited 0,35.030595,0.965388,36.0391,true,
/bench/results/res-20240925T135331/CWE-78/719_GHSA-7g2w-6r25-2j7p/libnmap-0.4.15/lib/classes/tools.js,CWE-78,Exited 0,37.618232,8.5e-05,37.6556,false,
/bench/results/res-20240925T135331/CWE-78/317_GHSA-mxjr-xmcg-fg7w/mobile-icon-resizer-0.4.2/lib/resize.js,CWE-78,Exited 0,40.329349,0.000152,40.3663,false,
/bench/results/res-20240925T135331/CWE-78/667_GHSA-gm29-35c7-8cfw/buttle-0.3.1/lib/mid-php.js,CWE-78,Exited 0,40.367082,0.,41.4122,false,
/bench/results/res-20240925T135331/CWE-78/GHSA-h33p-5j96-w8qh/gulp-styledocco-0.0.3/index.js,CWE-78,Exited 0,22.882111,0.000135,22.9144,false,
/bench/results/res-20240925T135331/CWE-78/966_GHSA-pmv6-gf98-p3r5/kill-port-1.3.1/index.js,CWE-78,Timeout,0.,0.,300.003,false,
/bench/results/res-20240925T135331/CWE-78/GHSA-vm67-7vmg-66vm/portprocesses-1.0.4/exec.js,CWE-78,Exited 0,36.107774,1.13694,37.2871,true,
/bench/results/res-20240925T135331/CWE-78/GHSA-qfxv-qqvg-24pg/im-metadata-3.0.1/index.js,CWE-78,Exited 0,33.906139,1.102207,35.0547,true,
/bench/results/res-20240925T135331/CWE-78/1512_GHSA-6q48-vjq2-mwcj/umount-1.1.6/build/umount.js,CWE-78,Exited 0,33.299325,0.98347,34.3124,true,
/bench/results/res-20240925T135331/CWE-78/773_GHSA-9wjh-jr2j-6r4x/pi_video_recording-1.0.1/pi_video_recording.js,CWE-78,Exited 0,34.34281,5.631085,40.0191,true,
/bench/results/res-20240925T135331/CWE-78/789_GHSA-f698-m2v9-5fh3/opencv-6.0.0/utils/find-opencv.js,CWE-78,Exited 0,35.560022,9.2e-05,35.5966,false,
/bench/results/res-20240925T135331/CWE-78/GHSA-m647-5wf9-3jp3/closure-compiler-stream-0.1.15/index.js,CWE-78,Exited 0,30.834565,0.000142,30.8894,false,
/bench/results/res-20240925T135331/CWE-78/727_GHSA-9hqj-38j2-5jgm/ascii-art-1.4.2/bin/ascii-art,CWE-78,Exited 0,30.557358,0.000172,30.5892,false,
/bench/results/res-20240925T135331/CWE-78/977_GHSA-wgw3-gf4p-62xc/wizard-syncronizer-0.0.1/bin/wizard-sync.js,CWE-78,Exited 0,40.331635,0.958395,41.3294,true,
/bench/results/res-20240925T135331/CWE-78/GHSA-m6rw-m2v9-7hx4/wifiscanner-1.0.1/scanners/wifiscanner.js,CWE-78,Exited 0,23.215277,0.000132,23.2447,false,
/bench/results/res-20240925T135331/CWE-78/40_GHSA-vjfr-p6hp-jqqw/ungit-0.8.4/source/git.js,CWE-78,Timeout,0.,0.,300.003,false,
/bench/results/res-20240925T135331/CWE-78/GHSA-6c3f-p5wp-34mh/async-git-1.13.0/lib/reset/index.js,CWE-78,Exited 0,29.354762,8.2e-05,29.3886,false,
/bench/results/res-20240925T135331/CWE-78/695_GHSA-29gp-92wp-94q8/react-dev-utils-5.0.1/openBrowser.js,CWE-78,Exited 0,38.916653,1.969555,40.9334,true,
/bench/results/res-20240925T135331/CWE-78/654_GHSA-pp57-mqmh-44h7/macaddress-0.2.8/lib/unix.js,CWE-78,Exited 0,31.01927,1.006159,32.0673,true,
/bench/results/res-20240925T135331/CWE-78/654_GHSA-pp57-mqmh-44h7/macaddress-0.2.8/lib/linux.js,CWE-78,Exited 0,31.29818,0.99526,32.3312,true,
/bench/results/res-20240925T135331/CWE-78/654_GHSA-pp57-mqmh-44h7/macaddress-0.2.8/lib/macosx.js,CWE-78,Exited 0,31.716908,0.998521,32.7566,true,
/bench/results/res-20240925T135331/CWE-78/GHSA-pxcc-hj8w-fmm7/sdk-2.19.0/dist/getPackedPackage.js,CWE-78,Exited 0,29.04758,0.000138,29.0821,false,
/bench/results/res-20240925T135331/CWE-78/1441_GHSA-65xx-c85x-wg76/plotter-0.5.0/plotter.js,CWE-78,Exited 0,70.12711,77.890148,148.1,true,
/bench/results/res-20240925T135331/CWE-78/958_GHSA-8mgg-5x65-m4m4/soletta-dev-app-0.0.7/server/routes.js,CWE-78,Exited 0,43.822172,0.000107,43.8578,false,
/bench/results/res-20240925T135331/CWE-78/1517_GHSA-gm9x-q798-hmr4/git-tags-remote-1.0.3/dist/index.js,CWE-78,Exited 0,37.271174,0.959337,38.276,false,
/bench/results/res-20240925T135331/CWE-78/GHSA-fmf5-j5j9-99pp/pulverizr-0.7.0/lib/job.js,CWE-78,Exited 0,37.529277,9.4e-05,37.5593,false,
/bench/results/res-20240925T135331/CWE-78/1439_GHSA-rc77-xxq6-4mff/hot-formula-parser-3.0.0/lib/grammar-parser/grammar-parser.js,CWE-78,Exited 0,42.649211,0.000153,42.6709,false,
/bench/results/res-20240925T135331/CWE-78/GHSA-6xv6-jpvw-cx6q/bestzip-2.1.6/lib/bestzip.js,CWE-78,Exited 0,40.434053,0.808948,41.2872,true,
/bench/results/res-20240925T135331/CWE-78/1020_GHSA-w725-67p7-xv22/local-devices-2.0.0/src/index.js,CWE-78,Exited 0,37.850385,1.642473,39.5394,true,
/bench/results/res-20240925T135331/CWE-78/643_GHSA-3pxp-6963-46r9/pdfinfojs-0.4.0/lib/pdfinfo.js,CWE-78,Exited 0,37.046661,8.6e-05,37.0826,false,
/bench/results/res-20240925T135331/CWE-78/GHSA-5wqj-f379-6jh4/kill-process-on-port-1.0.2/build/main/lib/index.js,CWE-78,Exited 0,35.00853,8.7e-05,35.0386,false,
/bench/results/res-20240925T135331/CWE-78/GHSA-7qmm-q394-fmch/ps-kill-1.0.0/index.js,CWE-78,Exited 0,33.117508,1.046262,34.1993,true,
/bench/results/res-20240925T135331/CWE-78/GHSA-5q6m-3h65-w53x/react-dev-utils-11.0.3/getProcessForPort.js,CWE-78,Exited 0,33.623609,4.11132,37.7797,true,
/bench/results/res-20240925T135331/CWE-94/GHSA-35jh-r3h4-6jhm/lodash-4.17.20/lodash.js,CWE-94,Timeout,0.,0.,300.003,false,
/bench/results/res-20240925T135331/CWE-94/551_GHSA-pv8x-p9hq-j328/mathjs-3.16.5/lib/expression/node/ObjectNode.js,CWE-94,Exited 0,30.815945,9.6e-05,30.8476,false,
/bench/results/res-20240925T135331/CWE-94/835_GHSA-cg48-9hh2-x6mx/preact-10.0.0-beta.0/src/create-element.js,CWE-94,Exited 0,29.544728,9.8e-05,29.5844,false,
/bench/results/res-20240925T135331/CWE-94/GHSA-4wv4-mgfq-598v/nobelprizeparser-1.0.1/lib/index.js,CWE-94,Exited 0,34.975773,7.3e-05,35.0178,false,
/bench/results/res-20240925T135331/CWE-94/GHSA-rwxp-hwwf-653v/express-hbs-2.1.2/lib/hbs.js,CWE-94,Exited 0,43.156295,9.3e-05,43.2044,false,
/bench/results/res-20240925T135331/CWE-94/813_GHSA-8j8c-7jfh-h6hx/js-yaml-3.13.0/lib/js-yaml/loader.js,CWE-94,Exited 0,2.382908,0.,2.42288,false,
/bench/results/res-20240925T135331/CWE-94/360_GHSA-qr32-j4j6-3m7r/fs-git-1.0.1/lib/index.js,CWE-94,Exited 0,39.871877,8.9e-05,39.9075,false,
/bench/results/res-20240925T135331/CWE-94/1_GHSA-5j3g-jfq3-7jwx/bassmaster-1.5.1/lib/batch.js,CWE-94,Exited 0,35.571161,8.3e-05,35.6159,false,
/bench/results/res-20240925T135331/CWE-94/GHSA-6cf8-qhqj-vjqm/total.js-3.4.6/utils.js,CWE-94,Timeout,0.,0.,300.003,false,
/bench/results/res-20240925T135331/CWE-94/GHSA-j32x-j8pj-pg2h/decal-2.1.3/src/utils/extend.js,CWE-94,Exited 0,31.645345,0.0001,31.681,false,
/bench/results/res-20240925T135331/CWE-94/1118_GHSA-3gx7-xhv7-5mx3/eslint-utils-1.4.0/index.js,CWE-94,Exited 0,36.846983,0.000138,36.8816,false,
/bench/results/res-20240925T135331/CWE-94/GHSA-3crj-w4f5-gwh4/less-openui5-0.9.0/lib/thirdparty/less/parser.js,CWE-94,Exited 0,59.865824,8.9e-05,59.9001,false,
/bench/results/res-20240925T135331/CWE-94/GHSA-3crj-w4f5-gwh4/less-openui5-0.9.0/lib/thirdparty/less/functions.js,CWE-94,Exited 0,44.808542,8.7e-05,44.8433,false,
/bench/results/res-20240925T135331/CWE-94/GHSA-3crj-w4f5-gwh4/less-openui5-0.9.0/lib/thirdparty/less/tree/quoted.js,CWE-94,Exited 0,31.29673,6.6e-05,31.3214,false,
/bench/results/res-20240925T135331/CWE-94/54_GHSA-pjh3-jv7w-9jpr/gm-1.20.0/lib/compare.js,CWE-94,Timeout,0.,0.,300.003,false,
/bench/results/res-20240925T135331/CWE-94/736_GHSA-gwg9-rgvj-4h5j/morgan-1.9.0/index.js,CWE-94,Exited 0,35.329608,62.537253,97.9118,true,
/bench/results/res-20240925T135331/CWE-94/GHSA-cf4h-3jhx-xvhq/underscore-1.12.0/underscore.js,CWE-94,Exited 0,62.1925,8.8e-05,62.2265,false,
/bench/results/res-20240925T135331/CWE-94/1021_GHSA-r3x4-wr4h-pw33/safer-eval-1.3.3/src/browser.js,CWE-94,Exited 0,34.985961,9.1e-05,35.0175,false,
/bench/results/res-20240925T135331/CWE-94/1021_GHSA-r3x4-wr4h-pw33/safer-eval-1.3.3/src/index.js,CWE-94,Exited 0,35.095651,0.000139,35.1313,false,
/bench/results/res-20240925T135331/CWE-94/153_GHSA-jcw8-r9xm-32c6/dns-sync-0.1.0/lib/dns-sync.js,CWE-94,Exited 0,30.556216,1.066359,31.6669,true,
/bench/results/res-20240925T135331/CWE-94/523/dns-sync-0.1.0/lib/dns-sync.js,CWE-94,Exited 0,31.265454,1.019277,32.3276,true,
/bench/results/res-20240925T135331/CWE-94/37_GHSA-5726-g6r9-5f22/syntax-error-1.1.0/index.js,CWE-94,Exited 0,33.087087,1.035578,34.1609,true,
/bench/results/res-20240925T135331/CWE-94/GHSA-fw2f-7f87-5r6c/access-policy-3.1.0/lib/encode.js,CWE-94,Exited 0,37.319584,61.006219,98.3715,true,
/bench/results/res-20240925T135331/CWE-94/144_GHSA-4662-j96g-mv46/reduce-css-calc-1.2.4/index.js,CWE-94,Exited 0,39.756284,1.008997,40.8087,true,
/bench/results/res-20240925T135331/CWE-94/552_GHSA-vx5c-87qx-cv6c/mathjs-3.16.5/lib/expression/parse.js,CWE-94,Exited 0,3.527247,0.,3.56318,false,
/bench/results/res-20240925T135331/CWE-94/GHSA-cg42-4wrc-gp47/node-extend-0.2.0/lib/extend.js,CWE-94,Exited 0,33.824504,1.481091,35.3571,true,
/bench/results/res-20240925T135331/CWE-94/1122_GHSA-5mrr-rgp6-x4gr/marsdb-0.6.11/lib/DocumentMatcher.js,CWE-94,Exited 0,39.681466,0.000105,39.711,false,
/bench/results/res-20240925T135331/CWE-94/336_GHSA-63m4-fhf2-cmf7/windows-cpu-0.1.4/index.js,CWE-94,Exited 0,28.008512,1.196173,29.2472,true,
/bench/results/res-20240925T135331/CWE-94/49_GHSA-qr28-7j6p-9hmv/mapbox.js-2.1.6/src/map.js,CWE-94,Exited 0,2.428933,0.,2.45272,false,
/bench/results/res-20240925T135331/CWE-94/315_GHSA-cwcp-6c48-fm7m/summit-0.1.22/lib/drivers/search/pouch.js,CWE-94,Exited 2,0.,0.,0.0245359,false,
/bench/results/res-20240925T135331/CWE-94/GHSA-j665-rvj7-2jv9/mosc-1.0.0/mosc.js,CWE-94,Timeout,0.,0.,300.002,false,
/bench/results/res-20240925T135331/CWE-94/1120_GHSA-xf27-jqwv-gf3r/larvitbase-api-0.5.2/index.js,CWE-94,Exited 0,43.909809,2.105407,46.0634,true,
/bench/results/res-20240925T135331/CWE-94/356_GHSA-hfq9-rfpv-j8r8/pidusage-1.1.4/lib/stats.js,CWE-94,Exited 0,38.839494,6.347254,45.2391,true,
/bench/results/res-20240925T135331/CWE-94/GHSA-h4j5-c7cj-74xg/xmlhttprequest-ssl-1.6.1/lib/XMLHttpRequest.js,CWE-94,Exited 0,32.458144,0.000139,32.4847,false,
/bench/results/res-20240925T135331/CWE-94/97_GHSA-r87w-47m8-22w3/jsrender-0.9.73/jsrender.js,CWE-94,Timeout,0.,0.,300.021,false,
/bench/results/res-20240925T135331/CWE-94/GHSA-3wj8-vp9h-rm6m/total.js-3.4.6/utils.js,CWE-94,Timeout,0.,0.,300.003,false,
/bench/results/res-20240925T135331/CWE-94/GHSA-vc9j-fhvv-8vrf/scratch-vm-0.2.0-prerelease.20200709173451/src/serialization/sb3.js,CWE-94,Exited 0,3.618839,0.,3.6506,false,
/bench/results/res-20240925T135331/CWE-94/GHSA-v756-4whv-48vc/cd-messenger-2.7.26/messenger-node.js,CWE-94,Exited 2,0.,0.,0.030616,false,
/bench/results/res-20240925T135331/CWE-471/717_GHSA-qw93-45r3-p66p/merge-options-1.0.0/index.js,CWE-471,Exited 0,39.458753,2.152794,41.6592,true,
/bench/results/res-20240925T135331/CWE-471/1502_GHSA-6pq3-928q-x6w6/utils-extend-1.0.8/index.js,CWE-471,Exited 0,38.80095,1.23482,40.0795,true,
/bench/results/res-20240925T135331/CWE-471/1463_GHSA-4r97-78gf-q24v/klona-1.1.0/dist/klona.js,CWE-471,Exited 0,29.595728,9.2e-05,29.6295,false,
/bench/results/res-20240925T135331/CWE-471/722_GHSA-f9cm-qmx5-m98h/merge-1.2.0/merge.js,CWE-471,Exited 0,44.183331,2.311068,46.5456,true,
/bench/results/res-20240925T135331/CWE-471/578_GHSA-3mpr-hq3p-49h9/mixin-deep-1.3.0/index.js,CWE-471,Exited 0,29.55981,0.000141,29.5944,false,
/bench/results/res-20240925T135331/CWE-471/612_GHSA-hr2v-3952-633q/deep-extend-0.5.0/lib/deep-extend.js,CWE-471,Exited 0,29.565337,8.2e-05,29.5985,false,
/bench/results/res-20240925T135331/CWE-471/1331_GHSA-q9wr-gcjc-hq52/reggae-0.0.1/index.js,CWE-471,Exited 0,30.341485,8.2e-05,30.3759,false,
/bench/results/res-20240925T135331/CWE-471/579_GHSA-xcvv-84j5-jw9h/assign-deep-0.4.6/index.js,CWE-471,Exited 0,40.314395,2.797247,43.1555,true,
/bench/results/res-20240925T135331/CWE-471/GHSA-5pm8-492c-92p5/chartkick-3.1.3/dist/chartkick.js,CWE-471,Exited 0,80.463163,0.0001,80.492,false,
/bench/results/res-20240925T135331/CWE-471/1483_GHSA-66mv-xh68-h6v2/hapi-19.1.0/lib/cors.js,CWE-471,Exited 0,4.444345,0.,4.47822,false,
/bench/results/res-20240925T135331/CWE-471/1333_GHSA-9qrg-h9g8-c65q/deep-setter-1.0.1/index.js,CWE-471,Exited 0,28.575356,0.000141,28.61,false,
/bench/results/res-20240925T135331/CWE-471/893_GHSA-f7qw-5pvg-mmwp/lutils-merge-0.2.6/merge.js,CWE-471,Exited 0,42.425275,4.246124,46.7141,true,
/bench/results/res-20240925T135331/CWE-471/566_GHSA-jp4x-w63m-7wgm/hoek-5.0.2/lib/index.js,CWE-471,Exited 0,55.888629,0.,143.84,true,
/bench/results/res-20240925T135331/CWE-471/801_GHSA-f8h3-rqrm-47v9/smart-extend-1.7.4/dist/smart-extend.js,CWE-471,Exited 0,32.557274,9.7e-05,32.5885,false,
/bench/results/res-20240925T135331/CWE-471/780_GHSA-675m-85rw-j3w4/just-extend-3.0.0/index.js,CWE-471,Exited 0,29.253963,0.000142,29.2818,false,
/bench/results/res-20240925T135331/CWE-471/739_GHSA-hc9w-4p87-j549/cached-path-relative-1.0.1/lib/index.js,CWE-471,Exited 0,27.711194,17.847381,45.5936,true,
/bench/results/res-20240925T135331/CWE-471/580_GHSA-9g9w-hmvj-5h57/merge-deep-3.0.0/index.js,CWE-471,Timeout,0.,0.,300.003,false,
/bench/results/res-20240925T135331/CWE-471/1070_GHSA-46fh-8fc5-xcwx/lodash.defaultsdeep-4.6.0/index.js,CWE-471,Exited 0,39.274387,0.000114,39.3092,false,
/bench/results/res-20240925T135331/CWE-471/GHSA-pf2j-9qmp-jqr2/typeorm-0.2.24/util/OrmUtils.js,CWE-471,Exited 0,24.582537,0.000109,24.6132,false,
/bench/results/res-20240925T135331/CWE-471/779_GHSA-h466-j336-74wx/mpath-0.5.0/lib/index.js,CWE-471,Timeout,0.,0.,300.037,false,
/bench/results/res-20240925T135331/CWE-471/1334_GHSA-8j49-49jq-vwcq/getsetdeep-4.12.0/edition-browsers/index.js,CWE-471,Exited 0,30.014461,0.000111,30.0504,false,
/bench/results/res-20240925T135331/CWE-471/1014_GHSA-66rh-8fw6-59q6/assign-deep-0.4.8/index.js,CWE-471,Exited 0,40.279647,2.807167,43.1386,true,
/bench/results/res-20240925T135331/CWE-471/1508_GHSA-96r7-mrqf-jhcc/ini-parser-0.0.2/index.js,CWE-471,Exited 0,28.452318,1.991939,30.4858,true,
/bench/results/res-20240925T135331/CWE-471/577_GHSA-fvqr-27wr-82fm/lodash-4.17.4/lodash.js,CWE-471,Timeout,0.,0.,300.004,false,
/bench/results/res-20240925T135331/CWE-471/1469_GHSA-gqgv-6jq5-jjj9/qs-6.2.2/lib/parse.js,CWE-471,Exited 0,34.004782,9.2e-05,34.0397,false,
/bench/results/res-20240925T135331/CWE-471/1343_GHSA-89mq-4x47-5v83/v1.7.8.tar/angular.js,CWE-471,Exited 2,0.,0.,0.026854,false,
/bench/results/res-20240925T135331/CWE-471/581_GHSA-cqp5-m4pq-gfgp/defaults-deep-0.2.3/index.js,CWE-471,Exited 0,37.588994,1.014169,38.6471,true,
/bench/results/res-20240925T135331/CWE-471/1329_GHSA-6fh5-8wq8-w3wr/unflatten-1.0.4/lib/index.js,CWE-471,Exited 0,30.19926,0.00011,30.2357,false,
/bench/results/res-20240925T135331/CWE-471/642_GHSA-m8fw-534v-xm85/cloudcmd-9.1.5/common/cloudfunc.js,CWE-471,Exited 0,30.467753,0.00013,30.5025,false,
/bench/results/res-20240925T135331/CWE-471/781_GHSA-r96c-57pf-9jjm/node.extend-2.0.0/lib/extend.js,CWE-471,Exited 0,29.930804,0.000112,29.9676,false,
/bench/results/res-20240925T135331/CWE-471/1069_GHSA-5947-m4fg-xhqg/lodash.mergewith-4.6.0/index.js,CWE-471,Exited 0,38.545103,0.00011,38.5754,false,
/bench/results/res-20240925T135331/CWE-471/1332_GHSA-ch82-gqh6-9xj9/get-setter-0.0.0/index.js,CWE-471,Exited 0,33.347611,16.365363,49.7593,true,
/bench/results/res-20240925T135331/CWE-471/611_GHSA-xrmp-99wj-p6jc/deap-1.0.0/lib/deap.js,CWE-471,Exited 0,43.557484,2.874619,46.4791,true,
/bench/results/res-20240925T135331/CWE-471/1068_GHSA-h5mp-5q4p-ggf5/lodash.defaultsdeep-4.6.0/index.js,CWE-471,Exited 0,37.524325,0.000152,37.5554,false,
/bench/results/res-20240925T135331/CWE-471/1336_GHSA-83pq-466j-fc6j/sahmat-1.0.1/index.js,CWE-471,Exited 0,34.02758,27.923037,61.999,true,
/bench/results/res-20240925T135331/CWE-471/778_GHSA-pjxw-22xf-6pwc/defaults-deep-0.2.4/index.js,CWE-471,Exited 0,39.741601,1.035852,40.8224,true,
/bench/results/res-20240925T135331/CWE-471/1179_GHSA-vh95-rmgr-6w4m/minimist-1.2.2/index.js,CWE-471,Exited 0,32.423189,0.000108,32.4593,false,
/bench/results/res-20240925T135331/CWE-471/1327_GHSA-g7h8-p22m-2rvx/flat-wrap-1.0.2/index.js,CWE-471,Exited 0,26.833612,0.000111,26.8633,false,
/bench/results/res-20240925T135331/CWE-471/1094_GHSA-c3px-v9c7-m734/mithril-2.0.1/mithril.js,CWE-471,Timeout,0.,0.,300.003,false,
/bench/results/res-20240925T135331/CWE-471/715_GHSA-cvxm-f295-x957/merge-recursive-0.0.3/lib/index.js,CWE-471,Exited 0,41.743627,0.97609,42.7623,true,
/bench/results/res-20240925T135331/CWE-471/1012_GHSA-4g88-fppr-53pp/set-value-3.0.0/index.js,CWE-471,Exited 0,37.781778,0.000131,37.8171,false,
/bench/results/res-20240925T135331/CWE-471/1071_GHSA-779f-wgxg-qr8f/lodash.mergewith-4.6.1/index.js,CWE-471,Exited 0,37.409492,0.000105,37.4453,false,
/bench/results/res-20240925T135331/CWE-471/995_GHSA-3f95-w5h5-fq86/mergify-1.0.2/index.js,CWE-471,Exited 0,41.442506,1.837907,43.3293,true,
/bench/results/res-20240925T135331/CWE-471/GHSA-ff7x-qrg7-qggm/dot-prop-4.2.0/index.js,CWE-471,Exited 0,31.482001,8.2e-05,31.5309,false,
/bench/results/res-20240925T135331/CWE-471/1065_GHSA-jf85-cpcp-j695/lodash-4.17.11/_baseAssignValue.js,CWE-471,Exited 0,28.851048,0.000113,28.8873,false,
/bench/results/res-20240925T135331/CWE-471/996_GHSA-qrmc-fj45-qfc2/extend-3.0.1/index.js,CWE-471,Exited 0,29.717516,9.7e-05,29.7522,false,
/bench/results/res-20240925T135331/CWE-471/917_GHSA-74cr-77xc-8g6r/gateway-0.6.1/src/utilities/deepMerge.ts,CWE-471,Exited 0,22.251862,9.8e-05,22.281,false,
/bench/results/res-20240925T135331/CWE-471/1506_GHSA-cxm3-284p-qc4v/sds-3.2.0/js/set.js,CWE-471,Timeout,0.,0.,300.004,false,
/bench/results/res-20240925T135331/CWE-471/716_GHSA-992f-wf4w-x36v/merge-objects-1.0.5/lib/merge-objects.js,CWE-471,Exited 0,29.640482,9.9e-05,29.6726,false,
/bench/results/res-20240925T135331/CWE-471/GHSA-5pg7-v24c-9rp9/controlled-merge-1.2.0/index.js,CWE-471,Exited 0,30.106495,0.000149,30.1436,false,
/bench/results/res-20240925T135331/CWE-1321/GHSA-c4w7-xm78-47vh/y18n-5.0.4/build/index.cjs,CWE-1321,Exited 0,31.38193,9e-05,31.4099,false,
/bench/results/res-20240925T135331/CWE-1321/GHSA-85cp-p426-42f5/deep-get-set-1.1.0/index.js,CWE-1321,Timeout,0.,0.,300.003,false,
/bench/results/res-20240925T135331/CWE-1321/GHSA-p3hc-fv2j-rp68/swiper-6.5.0/cjs/utils/utils.js,CWE-1321,Exited 0,30.359322,0.000103,30.391,false,
/bench/results/res-20240925T135331/CWE-1321/GHSA-gmjw-49p4-pcfm/msgpack5-5.2.0/lib/decoder.js,CWE-1321,Exited 0,32.429347,8.1e-05,32.4621,false,
/bench/results/res-20240925T135331/CWE-1321/GHSA-cwcx-rxgc-cmw3/101-1.6.3/set.js,CWE-1321,Exited 0,30.194892,9.4e-05,30.2287,false,
/bench/results/res-20240925T135331/CWE-1321/GHSA-339j-hqgx-qrrx/nedb-1.8.0/lib/model.js,CWE-1321,Exited 0,35.522441,9.2e-05,35.556,false,
/bench/results/res-20240925T135331/CWE-1321/GHSA-2cf2-2383-h4jv/querymen-2.1.3/dist/index.js,CWE-1321,Exited 0,2.867736,0.,2.90107,false,
/bench/results/res-20240925T135331/CWE-1321/GHSA-3r8w-mphv-2f3f/lutils-2.4.0/merge/merge.js,CWE-1321,Exited 0,29.465446,8.4e-05,29.4979,false,
/bench/results/res-20240925T135331/CWE-1321/GHSA-wgfq-7857-4jcc/json-bigint-0.4.0/lib/parse.js,CWE-1321,Exited 0,43.137258,0.,44.2758,false,
/bench/results/res-20240925T135331/CWE-1321/GHSA-f5c9-x9j6-87qp/dotty-0.1.0/lib/index.js,CWE-1321,Exited 0,35.831403,5.482961,41.3511,true,
/bench/results/res-20240925T135331/CWE-1321/GHSA-m428-jqc4-2p5j/phpjs-1.3.2/build/npm.js,CWE-1321,Timeout,0.,0.,300.005,false,
/bench/results/res-20240925T135331/CWE-1321/GHSA-j4rw-x3vg-c8r7/node-oojs-1.4.0/src/oojs.js,CWE-1321,Exited 0,46.032775,8.3e-05,46.0763,false,
/bench/results/res-20240925T135331/CWE-1321/GHSA-79jw-6wg7-r9g4/mixme-0.5.0/dist/mixme.cjs.js,CWE-1321,Exited 0,32.160319,0.000127,32.1997,false,
/bench/results/res-20240925T135331/CWE-1321/GHSA-6cf8-qhqj-vjqm/total.js-3.4.6/utils.js,CWE-1321,Timeout,0.,0.,300.006,false,
/bench/results/res-20240925T135331/CWE-1321/GHSA-j32x-j8pj-pg2h/decal-2.1.3/src/utils/extend.js,CWE-1321,Exited 0,32.570929,8.3e-05,32.614,false,
/bench/results/res-20240925T135331/CWE-1321/GHSA-rrqm-p222-8ph2/dynamoose-2.6.0/dist/utils/object/set.js,CWE-1321,Exited 0,29.695994,7.5e-05,29.7367,false,
/bench/results/res-20240925T135331/CWE-1321/GHSA-cwx2-736x-mf6w/object-path-0.11.4/index.js,CWE-1321,Exited 0,39.907296,0.000117,39.9509,false,
/bench/results/res-20240925T135331/CWE-1321/GHSA-6hwh-rqwf-cxxr/vega-util-1.13.0/build/vega-util.js,CWE-1321,Exited 0,40.380444,0.00014,40.4216,false,
/bench/results/res-20240925T135331/CWE-1321/GHSA-qr4p-c9wr-phr6/set-in-2.0.0/index.js,CWE-1321,Timeout,0.,0.,300.004,false,
/bench/results/res-20240925T135331/CWE-1321/GHSA-8f89-2fwj-5v5r/klona-1.1.0/dist/klona.js,CWE-1321,Exited 0,29.878234,9.8e-05,29.9198,false,
/bench/results/res-20240925T135331/CWE-1321/GHSA-4q97-fh3f-j294/tiny-conf-1.1.0/tiny-conf.js,CWE-1321,Exited 0,43.590353,9.1e-05,43.6298,false,
/bench/results/res-20240925T135331/CWE-1321/GHSA-p6jh-p7q8-pcrg/nodee-utils-1.2.2/lib/object.js,CWE-1321,Exited 0,67.414071,13.935071,81.4043,true,
/bench/results/res-20240925T135331/CWE-1321/GHSA-85g2-29m8-qf2p/object-collider-1.0.3/dist/src/utils/CollideUtil.js,CWE-1321,Exited 0,43.865712,2.839689,46.7594,true,
/bench/results/res-20240925T135331/CWE-1321/GHSA-pgmg-gf5p-54j8/gammautils-0.0.81/lib/objectUtils.js,CWE-1321,Exited 0,45.705945,0.00028,45.7455,false,
/bench/results/res-20240925T135331/CWE-1321/GHSA-v659-54cx-g4qr/deep-override-1.0.1/src/index.js,CWE-1321,Exited 0,30.209081,0.000163,30.2518,false,
/bench/results/res-20240925T135331/CWE-1321/GHSA-pf2j-9qmp-jqr2/typeorm-0.2.24/util/OrmUtils.js,CWE-1321,Exited 0,31.866143,9.2e-05,31.9104,false,
/bench/results/res-20240925T135331/CWE-1321/GHSA-jh2m-j8pp-55rc/gedi-1.6.3/modelOperations.js,CWE-1321,Exited 0,38.300984,3.855183,42.2161,true,
/bench/results/res-20240925T135331/CWE-1321/GHSA-6g8v-hpgw-h2v7/gsap-3.5.1/dist/gsap.js,CWE-1321,Exited 0,159.418016,8.5e-05,159.453,false,
/bench/results/res-20240925T135331/CWE-1321/GHSA-rj5f-7c8x-gjg4/promisehelpers-0.0.5/src/index.js,CWE-1321,Timeout,0.,0.,300.004,false,
/bench/results/res-20240925T135331/CWE-1321/GHSA-9qmh-276g-x5pj/immer-8.0.0/dist/immer.cjs.development.js,CWE-1321,Exited 0,38.647448,9.9e-05,38.6833,false,
/bench/results/res-20240925T135331/CWE-1321/GHSA-qr4m-jcvc-3382/dot-notes-3.2.0/lib/create.js,CWE-1321,Timeout,0.,0.,300.004,false,
/bench/results/res-20240925T135331/CWE-1321/GHSA-fmrr-mx6j-h3h5/confucious-0.0.12/confucious.js,CWE-1321,Exited 0,48.364202,38.148361,86.5662,true,
/bench/results/res-20240925T135331/CWE-1321/GHSA-c497-v8pv-ch6x/nested-object-assign-1.0.3/lib/nestedObjectAssign.js,CWE-1321,Exited 0,25.688244,9.9e-05,25.7256,false,
/bench/results/res-20240925T135331/CWE-1321/GHSA-8vv3-jxm8-f4vf/connie-lang-0.1.0/lib/connie-lang.js,CWE-1321,Timeout,0.,0.,300.006,false,
/bench/results/res-20240925T135331/CWE-1321/GHSA-fpm5-vv97-jfwg/util-0.3.3/dist/index.node.cjs.js,CWE-1321,Exited 0,43.088124,3.306172,46.4513,true,
/bench/results/res-20240925T135331/CWE-1321/GHSA-jvf5-q4h5-2jmj/madlib-object-utils-0.1.6/lib/utils.js,CWE-1321,Exited 0,43.602304,8.3e-05,43.6423,false,
/bench/results/res-20240925T135331/CWE-1321/GHSA-8qpm-5c82-rf96/backbone-query-parameters-0.4.0/backbone.queryparams.js,CWE-1321,Exited 0,39.59915,9.1e-05,39.6431,false,
/bench/results/res-20240925T135331/CWE-1321/GHSA-jv35-xqg7-f92r/set-getter-0.1.0/index.js,CWE-1321,Exited 0,30.760177,8.6e-05,30.7971,false,
/bench/results/res-20240925T135331/CWE-1321/GHSA-rgfv-v3jh-7ffp/deeps-1.4.5/index.js,CWE-1321,Exited 0,41.088534,19.818575,60.9618,true,
/bench/results/res-20240925T135331/CWE-1321/GHSA-7wpw-2hjm-89gp/merge-2.1.0/lib/src/index.js,CWE-1321,Exited 0,42.739521,1.8342,44.6298,true,
/bench/results/res-20240925T135331/CWE-1321/GHSA-qwp9-52h8-xgg8/jointjs-3.2.0/dist/joint.js,CWE-1321,Exited 0,54.541177,0.00011,54.5815,false,
/bench/results/res-20240925T135331/CWE-1321/GHSA-gr58-j5wh-m333/nis-utils-0.6.10/lib/object.js,CWE-1321,Timeout,0.,0.,300.004,false,
/bench/results/res-20240925T135331/CWE-1321/GHSA-x3wr-v4wx-5qpc/expand-hash-1.0.1/index.js,CWE-1321,Exited 0,30.397551,0.000115,30.4424,false,
/bench/results/res-20240925T135331/CWE-1321/GHSA-j7cg-h9v9-6vqp/path-4.6.8/src/Path.js,CWE-1321,Exited 0,21.595075,8.7e-05,21.6363,false,
/bench/results/res-20240925T135331/CWE-1321/GHSA-f98m-q3hr-p5wq/locutus-2.0.11/php/strings/parse_str.js,CWE-1321,Timeout,0.,0.,300.006,false,
/bench/results/res-20240925T135331/CWE-1321/GHSA-9829-jj5p-j6hf/worksmith-1.0.0/index.js,CWE-1321,Exited 0,42.375773,1.120539,43.5498,true,
/bench/results/res-20240925T135331/CWE-1321/GHSA-2f6g-w5gj-c93h/iniparserjs-1.0.4/ini_parser.js,CWE-1321,Exited 0,44.906432,4.744808,49.7165,true,
/bench/results/res-20240925T135331/CWE-1321/GHSA-vrr3-5r3v-7xfw/casperjs-1.1.4/modules/utils.js,CWE-1321,Exited 0,2.690925,0.,2.73488,false,
/bench/results/res-20240925T135331/CWE-1321/GHSA-vp77-fqqp-79j8/decal-2.1.3/src/utils/set.js,CWE-1321,Exited 0,1.817368,0.,1.85997,false,
/bench/results/res-20240925T135331/CWE-1321/GHSA-6fw4-hr69-g3rv/property-expr-2.0.2/index.js,CWE-1321,Exited 0,38.106007,2.158485,40.3223,true,
/bench/results/res-20240925T135331/CWE-1321/GHSA-jpq3-xf27-5jf2/safe-object2-1.0.3/index.js,CWE-1321,Exited 0,29.942487,0.0001,29.9993,false,
/bench/results/res-20240925T135331/CWE-1321/GHSA-9534-h433-2rjf/utilitify-1.0.2/utils/mergeDeep.js,CWE-1321,Exited 0,40.353358,3.565614,43.9743,true,
/bench/results/res-20240925T135331/CWE-1321/GHSA-w8f3-pvx4-4c3h/arr-flatten-unflatten-1.1.4/unflatten.js,CWE-1321,Exited 0,29.627995,9.4e-05,29.6738,false,
