benchmark,cwe,type,control_path,exploit,fn_reason,e_reason
vulcan-dataset/CWE-22/374,CWE-22,VFunCBUnknownHandler,false,false,Unsupported VIS,NA
vulcan-dataset/CWE-22/452,CWE-22,VFunCBUnknownHandler,false,false,Unsupported VIS,NA
vulcan-dataset/CWE-22/1156,CWE-22,VFunCBUnknownHandler,false,false,Unsupported VIS,NA
vulcan-dataset/CWE-22/GHSA-4448-rc82-fcr7,CWE-22,VFunRetByExport,true,true,NA,NA
vulcan-dataset/CWE-22/GHSA-hj3m-v758-jwx5,CWE-22,VFunExported,true,true,NA,NA
vulcan-dataset/CWE-78/54,CWE-78,VFunRetByExport,true,false,,tool crash
vulcan-dataset/CWE-78/153,CWE-78,VFunPropOfExportedObj,true,true,NA,
vulcan-dataset/CWE-78/336,CWE-78,VFunPropOfExportedObj,true,false,,windows exploit
vulcan-dataset/CWE-78/356,CWE-78,VFunPropOfExportedObj,true,true,NA,NA
vulcan-dataset/CWE-78/360,CWE-78,VFunPropOfExportedObj,true,true,NA,NA
vulcan-dataset/CWE-78/523,CWE-78,VFunPropOfExportedObj,true,true,NA,NA
vulcan-dataset/CWE-78/604,CWE-78,VFunExported,true,true,NA,NA
vulcan-dataset/CWE-78/643,CWE-78,VFunPropOfExportedObj,true,true,NA,NA
vulcan-dataset/CWE-78/654,CWE-78,VFunExported,true,true,NA,NA
vulcan-dataset/CWE-78/654,CWE-78,VFunExported,true,true,NA,NA
vulcan-dataset/CWE-78/654,CWE-78,VFunExported,true,true,NA,NA
vulcan-dataset/CWE-78/659,CWE-78,VFunExported,true,true,NA,NA
vulcan-dataset/CWE-78/659,CWE-78,VFunExported,true,true,NA,NA
vulcan-dataset/CWE-78/663,CWE-78,VFunExported,true,false,NA,Summary limitation
vulcan-dataset/CWE-78/670,CWE-78,VFunPropOfExportedObj,true,true,NA,NA
vulcan-dataset/CWE-78/695,CWE-78,VFunExported,false, false,Summary limitation,NA
vulcan-dataset/CWE-78/719,CWE-78,VFunCBKnownHandler,false false,Unsupported VIS,NA
vulcan-dataset/CWE-78/728,CWE-78,VFunExported,true,true,NA,NA
vulcan-dataset/CWE-78/773,CWE-78,VFunPropOfExportedObj,true,true,NA,NA
vulcan-dataset/CWE-78/789,CWE-78,ToplevelVuln,true,false,NA,Summary limitation
vulcan-dataset/CWE-78/954,CWE-78,VFunExported,true,true,NA,NA
vulcan-dataset/CWE-78/966,CWE-78,VFunExported,true,false,NA,windows exploit
vulcan-dataset/CWE-78/966,CWE-78,VFunExported,true,false,NA,windows exploit
vulcan-dataset/CWE-78/998,CWE-78,VFunExported,true,true,NA,NA
vulcan-dataset/CWE-78/1431,CWE-78,VFunExported,true,true,NA,NA
vulcan-dataset/CWE-78/1432,CWE-78,VFunExported,true,false,NA,windows exploit
vulcan-dataset/CWE-78/1433,CWE-78,VFunExported,true,false,NA,windows exploit
vulcan-dataset/CWE-78/1446,CWE-78,VFunPropOfExportedObj,true,false,NA,unknown
vulcan-dataset/CWE-78/1492,CWE-78,VFunPropOfExportedObj,true,false,NA,unknown
vulcan-dataset/CWE-78/1507,CWE-78,VFunPropOfExportedObj,true,true,NA,NA
vulcan-dataset/CWE-78/1507,CWE-78,VFunPropOfExportedObj,true,true,NA,NA
vulcan-dataset/CWE-78/1507,CWE-78,VFunPropOfExportedObj,true,false,NA,unknown
vulcan-dataset/CWE-78/1512,CWE-78,VFunPropOfExportedObj,false,false,Summary limitation,NA
vulcan-dataset/CWE-78/GHSA-3269-x4pw-vffg,CWE-78,VFunPropOfExportedObj,true,true,NA,NA
vulcan-dataset/CWE-78/GHSA-3hq6-rmv7-39vh,CWE-78,VFunPropOfExportedObj,false,false,Lazy values limitation,NA
vulcan-dataset/CWE-78/GHSA-3x62-x456-q2vm,CWE-78,VFunExported,true,false,NA,Summary limitation
vulcan-dataset/CWE-78/GHSA-4xrw-wvmq-8jmh,CWE-78,VFunPropOfExportedObj,true,true,NA,NA
vulcan-dataset/CWE-78/GHSA-6hr9-4692-fch9,CWE-78,VFunPropOfExportedObj,true,false,NA,Timeout
vulcan-dataset/CWE-78/GHSA-6m4r-m3gc-h4r5,CWE-78,VFunExported,true,true,NA,NA
vulcan-dataset/CWE-78/GHSA-753c-phhg-cj29,CWE-78,VFunExported,true,true,NA,NA
vulcan-dataset/CWE-78/GHSA-7xhv-mpjw-422f,CWE-78,VFunExported,true,true,NA,NA
vulcan-dataset/CWE-78/GHSA-8cxp-cjm8-fj35,CWE-78,VFunExported,true,true,NA,NA
vulcan-dataset/CWE-78/GHSA-8cxp-cjm8-fj36,CWE-78,VFunExported,true,true,NA,NA
vulcan-dataset/CWE-78/GHSA-926x-m6m5-3mmp,CWE-78,VFunExported,true,true,NA,NA
vulcan-dataset/CWE-78/GHSA-9v73-x562-wv5x,CWE-78,VFunRetByExport,true,true,NA,NA
vulcan-dataset/CWE-78/GHSA-c5hm-xc74-pqrg,CWE-78,VFunExported,true,false,NA,Timeout
vulcan-dataset/CWE-78/GHSA-chj3-f7xw-367m,CWE-78,VFunExported,true,false,NA,unknown
vulcan-dataset/CWE-78/GHSA-cr6m-62pq-hmqh,CWE-78,VFunExported,false,false,Timeout,NA
vulcan-dataset/CWE-78/GHSA-cv76-rv4h-4mqc,CWE-78,VFunPropOfExportedObj,true,true,NA,NA
vulcan-dataset/CWE-78/GHSA-cv76-rv4h-4mqc,CWE-78,VFunPropOfExportedObj,true,true,NA,NA
vulcan-dataset/CWE-78/GHSA-cv76-rv4h-4mqc,CWE-78,VFunPropOfExportedObj,true,false,NA,unknown
vulcan-dataset/CWE-78/GHSA-f2jw-pr2c-9x96,CWE-78,VFunPropOfExportedObj,true,true,NA,NA
vulcan-dataset/CWE-78/GHSA-gwp3-f7mr-qpfv,CWE-78,VFunPropOfExportedObj,true,true,NA,NA
vulcan-dataset/CWE-78/GHSA-h9v8-rm3m-5h5f,CWE-78,VFunRetByExport,true,true,NA,NA
vulcan-dataset/CWE-78/GHSA-pf8j-vhg8-xmc3,CWE-78,VFunExported,true,false,NA,exploit tool limitation
vulcan-dataset/CWE-78/GHSA-rphm-c8gw-3r38,CWE-78,VFunExported,false,false,Lazy values limitation,NA
vulcan-dataset/CWE-94/1,CWE-94,VFunPropOfExportedObj,true,false,NA,exploit tool limitation
vulcan-dataset/CWE-94/37,CWE-94,VFunExported,true,true,NA,NA
vulcan-dataset/CWE-94/317,CWE-94,VFunExported,true,true,NA,NA
vulcan-dataset/CWE-94/736,CWE-94,VFunPropOfExportedObj,true,false,NA,exploit tool limitaion
vulcan-dataset/CWE-94/1021,CWE-94,VFunPropOfExportedObj,true,false,NA,exploit tool limitation
vulcan-dataset/CWE-94/1021,CWE-94,VFunPropOfExportedObj,true,false,NA,exploit tool limitation
vulcan-dataset/CWE-94/1122,CWE-94,VFunPropOfExportedObj,true,false,NA,exploit tool limitation
vulcan-dataset/CWE-94/1439,CWE-94,VFunPropOfExportedObj,true,false,NA,exploit tool limitation
vulcan-dataset/CWE-94/1499,CWE-94,VFunPropOfExportedObj,true,false,NA,exploit tool limitation
vulcan-dataset/CWE-94/1499,CWE-94,VFunPropOfExportedObj,true,false,NA,exploit tool limitation
vulcan-dataset/CWE-94/GHSA-297x-8xj4-vcxv,CWE-94,VFunPropOfExportedObj,true,false,NA,exploit tool limitaion
vulcan-dataset/CWE-94/GHSA-29xr-v42j-r956,CWE-94,VFunPropOfExportedObj,true,false,NA,exploit tool limitaion
vulcan-dataset/CWE-94/GHSA-29xr-v42j-r956,CWE-94,VFunPropOfExportedObj,true,false,NA,exploit tool limitaion
vulcan-dataset/CWE-94/GHSA-7fm6-gxqg-2pwr,CWE-94,VFunPropOfExportedObj,false,false,Lazy values limitation,NA
vulcan-dataset/CWE-94/GHSA-7fm6-gxqg-2pwr,CWE-94,VFunPropOfExportedObj,false,false,Lazy values limitation,NA
vulcan-dataset/CWE-94/GHSA-8m2f-74r2-x3f2,CWE-94,VFunExported,true,false,NA,exploit tool limitaion
vulcan-dataset/CWE-94/GHSA-cf4h-3jhx-xvhq,CWE-94,VFunPropOfExportedObj,true,false,NA,exploit tool limitaion
vulcan-dataset/CWE-94/GHSA-cg42-4wrc-gp47,CWE-94,VFunExported,true,false,NA,exploit tool limitaion
vulcan-dataset/CWE-94/GHSA-f78f-353m-cf4j,CWE-94,VNewCall,true,false,NA,exploit tool limitaion
vulcan-dataset/CWE-94/GHSA-f78f-353m-cf4j,CWE-94,VNewCall,true,false,NA,exploit tool limitaion
vulcan-dataset/CWE-94/GHSA-fw2f-7f87-5r6c,CWE-94,VFunCalledByExported,true,false,NA,exploit tool limitaion
vulcan-dataset/CWE-94/GHSA-j665-rvj7-2jv9,CWE-94,VNewCall,false,false,Timeout,NA
vulcan-dataset/CWE-94/GHSA-v756-4whv-48vc,CWE-94,VFunPropOfExportedObj,true,false,NA,exploit tool limitaion
vulcan-dataset/CWE-94/GHSA-x949-7cm6-fm6p,CWE-94,VFunExported,false,false,Unsupported JS semantics,NA
vulcan-dataset/CWE-471/578,CWE-471,VFunExported,true,true,NA,NA
vulcan-dataset/CWE-471/579,CWE-471,VFunExported,true,true,NA,NA
vulcan-dataset/CWE-471/580,CWE-471,VFunExported,true,true,NA,NA
vulcan-dataset/CWE-471/581,CWE-471,VFunExported,false,false,Lazy values limitation,NA
vulcan-dataset/CWE-471/611,CWE-471,VFunPropOfExportedObj,true,true,NA,NA
vulcan-dataset/CWE-471/612,CWE-471,VFunExported,false, false,unknown,NA
vulcan-dataset/CWE-471/715,CWE-471,VFunPropOfExportedObj,true,true,NA,NA
vulcan-dataset/CWE-471/716,CWE-471,VFunExported,true,true,NA,NA
vulcan-dataset/CWE-471/717,CWE-471,VFunExported,true,true,NA,NA
vulcan-dataset/CWE-471/722,CWE-471,VFunPropOfExportedObj,true,true,NA,NA
vulcan-dataset/CWE-471/739,CWE-471,VFunExported,false,false,Lazy values limitation,NA
vulcan-dataset/CWE-471/778,CWE-471,VFunExported,false,false,Lazy values limitation,NA
vulcan-dataset/CWE-471/893,CWE-471,VFunExported,true,true,NA,NA
vulcan-dataset/CWE-471/917,CWE-471,VFunExported,true,true,NA,NA
vulcan-dataset/CWE-471/995,CWE-471,VFunPropOfExportedObj,true,true,NA,NA
vulcan-dataset/CWE-471/996,CWE-471,VFunExported,true,true,NA,NA
vulcan-dataset/CWE-471/1014,CWE-471,VFunExported,true,true,NA,NA
vulcan-dataset/CWE-471/1067,CWE-471,VFunExported,true,true,NA,NA
vulcan-dataset/CWE-471/1068,CWE-471,VFunExported,true,true,NA,NA
vulcan-dataset/CWE-471/1069,CWE-471,VFunExported,true,true,NA,NA
vulcan-dataset/CWE-471/1070,CWE-471,VFunExported,true,true,NA,NA
vulcan-dataset/CWE-471/1071,CWE-471,VFunExported,true,true,NA,NA
vulcan-dataset/CWE-471/1094,CWE-471,VFunExported,true,true,NA,NA
vulcan-dataset/CWE-471/1179,CWE-471,VFunCalled,true,true,NA,NA
vulcan-dataset/CWE-471/1213,CWE-471,VFunPropOfExportedObj,true,true,NA,NA
vulcan-dataset/CWE-471/1312,CWE-471,VFunPropOfExportedObj,true,false,NA,unknown
vulcan-dataset/CWE-471/1331,CWE-471,VFunExported,true,true,NA,NA
vulcan-dataset/CWE-471/1332,CWE-471,VFunPropOfExportedObj,true,true,NA,NA
vulcan-dataset/CWE-471/1333,CWE-471,VFunExported,true,true,NA,NA
vulcan-dataset/CWE-471/1334,CWE-471,VFunPropOfGlobVar,true,true,NA,NA
vulcan-dataset/CWE-471/1336,CWE-471,VFunExported,true,true,NA,NA
vulcan-dataset/CWE-471/1502,CWE-471,VFunPropOfGlobVar,true,true,NA,NA
vulcan-dataset/CWE-471/1506,CWE-471,VFunExported,true,true,NA,NA
vulcan-dataset/CWE-471/GHSA-23wx-cgxq-vpwx,CWE-471,VFunPropOfGlobVar,true,true,NA,NA
vulcan-dataset/CWE-471/GHSA-3829-mgmw-jcg4,CWE-471,VFunExported,true,true,NA,NA
vulcan-dataset/CWE-471/GHSA-6956-83fg-5wc5,CWE-471,VFunCalled,true,true,NA,NA
vulcan-dataset/CWE-471/GHSA-6m85-wvcr-pgw3,CWE-471,VFunPropOfExportedObj,true,true,NA,NA
vulcan-dataset/CWE-471/GHSA-6xwr-q98w-rvg7,CWE-471,VFunPropOfExportedObj,true,true,NA,NA
vulcan-dataset/CWE-471/GHSA-8v9x-9xqg-r8mr,CWE-471,VFunExported,true,true,NA,NA
vulcan-dataset/CWE-471/GHSA-g954-5hwp-pp24,CWE-471,VFunPropOfExportedObj,true,true,NA,NA
vulcan-dataset/CWE-471/GHSA-m639-9whg-fw97,CWE-471,VFunExported,true,true,NA,NA
vulcan-dataset/CWE-471/GHSA-mjjj-6p43-vhhv,CWE-471,VFunExported,true,true,NA,NA
vulcan-dataset/CWE-471/GHSA-p23c-p8w2-ww5v,CWE-471,VFunPropOfExportedObj,true,false,NA,unknown
vulcan-dataset/CWE-471/GHSA-pfv6-prqm-85q8,CWE-471,VFunRetByExportedObj,true,true,NA,NA
vulcan-dataset/CWE-471/GHSA-ph28-wwfj-fv7f,CWE-471,VFunExported,true,true,NA,NA
vulcan-dataset/CWE-471/GHSA-vhxc-fhm5-qcp9,CWE-471,VFunPropOfExportedObj,true,false,NA,unknown
vulcan-dataset/CWE-471/GHSA-vvv8-xw5f-3f87-1,CWE-471,VFunPropOfExportedObj,true,true,NA,NA
vulcan-dataset/CWE-471/GHSA-vvv8-xw5f-3f88-2,CWE-471,VFunPropOfExportedObj,true,true,NA,NA
vulcan-dataset/CWE-471/GHSA-wwg2-2crq-6grr,CWE-471,VFunExported,true,false,NA,unknown
vulcan-dataset/CWE-471/GHSA-x5m8-2r8v-8f97,CWE-471,VFunPropOfGlobVar,true,false,NA,unknown
secbench-dataset/CWE-78/aaptjs_1.3.1,CWE-78,None,true,true,NA,NA
secbench-dataset/CWE-78/adb-driver_0.1.8,CWE-78,None,true,true,NA,NA
secbench-dataset/CWE-78/alfred-workflow-nodejs_2.0.1,CWE-78,None,true,false,NA,unknown
secbench-dataset/CWE-78/apex-publish-static-files_2.0.0,CWE-78,None,true,false,NA,unknown
secbench-dataset/CWE-78/apiconnect-cli-plugins_6.0.2,CWE-78,None,false,false,Lazy values limitation,NA
secbench-dataset/CWE-78/arpping_2.0.0,CWE-78,None,true,true,NA,NA
secbench-dataset/CWE-78/async-git_1.13.1,CWE-78,None,false,false,Unsupported JS semantics,NA
secbench-dataset/CWE-78/bestzip_2.1.6,CWE-78,None,true,true,NA,NA
secbench-dataset/CWE-78/blamer_0.1.13,CWE-78,None,true,true,NA,NA
secbench-dataset/CWE-78/buns_1.1.6,CWE-78,None,false,false,Lazy values limitation,NA
secbench-dataset/CWE-78/clamscan_1.2.0,CWE-78,None,false,false,Lazy values limitation,NA
secbench-dataset/CWE-78/codecov_3.6.4,CWE-78,None,false,false,Unsupported VIS,NA
secbench-dataset/CWE-78/command-exists_1.2.2,CWE-78,None,true,false,NA,unknown
secbench-dataset/CWE-78/compass-compile_0.0.1,CWE-78,None,true,false,NA,unknown
secbench-dataset/CWE-78/connection-tester_0.2.0,CWE-78,None,true,false,NA,unknown
secbench-dataset/CWE-78/curling_0.2.0,CWE-78,None,true,true,NA,NA
secbench-dataset/CWE-78/curljs_0.1.2,CWE-78,None,true,false,NA,unknown
secbench-dataset/CWE-78/deferred-exec_0.3.1,CWE-78,None,true,true,NA,NA
secbench-dataset/CWE-78/diskstats_0.0.2,CWE-78,None,false,false,Summary limitation,NA
secbench-dataset/CWE-78/diskusage-ng_0.2.6,CWE-78,None,true,false,NA,unknown
secbench-dataset/CWE-78/dns-sync_0.1.0,CWE-78,None,true,true,NA,NA
secbench-dataset/CWE-78/enpeem_2.2.0,CWE-78,None,false,false,Lazy values limitation,NA
secbench-dataset/CWE-78/eslint-fixer_0.1.5,CWE-78,None,true,true,NA,NA
secbench-dataset/CWE-78/extra-asciinema_1.0.0,CWE-78,None,false,false,Unsupported JS semantics,NA
secbench-dataset/CWE-78/ffmpegdotjs_0.0.4,CWE-78,None,true,false,NA,uknown
secbench-dataset/CWE-78/ffmpeg-sdk_0.0.5,CWE-78,None,true,true,NA,NA
secbench-dataset/CWE-78/find-process_1.4.4,CWE-78,None,true,true,NA,NA
secbench-dataset/CWE-78/freespace_1.0.4,CWE-78,None,false,false,Unsupported JS semantics,NA
secbench-dataset/CWE-78/geojson2kml_0.1.1,CWE-78,None,true,true,NA,NA
secbench-dataset/CWE-78/get-npm-package-version_1.0.6,CWE-78,None,true,true,NA,NA
secbench-dataset/CWE-78/git-add-remote_1.0.0,CWE-78,None,true,true,NA,NA
secbench-dataset/CWE-78/gitblame_0.1.1,CWE-78,None,true,true,NA,NA
secbench-dataset/CWE-78/git-dummy-commit_1.3.0,CWE-78,None,false,false,Summary limitation,NA
secbench-dataset/CWE-78/giting_0.0.7,CWE-78,None,false,false,Unsupported VIS,NA
secbench-dataset/CWE-78/git-lib_1.6.0,CWE-78,None,true,true,NA,NA
secbench-dataset/CWE-78/git-parse_1.0.4,CWE-78,None,true,true,NA,NA
secbench-dataset/CWE-78/git-tags-remote_1.0.2,CWE-78,None,true,true,NA,NA
secbench-dataset/CWE-78/gity_1.0.5,CWE-78,None,true,false,NA,uknown
secbench-dataset/CWE-78/google-cloudstorage-commands_0.0.1,CWE-78,None,true,true,NA,NA
secbench-dataset/CWE-78/growl_1.9.0,CWE-78,None,true,false,NA,uknown
secbench-dataset/CWE-78/gry_5.0.8,CWE-78,None,true,false,NA,uknown
secbench-dataset/CWE-78/heroku-env_0.2.0,CWE-78,None,true,true,NA,NA
secbench-dataset/CWE-78/hot-formula-parser_3.0.0,CWE-78,None,true,false,NA,uknown
secbench-dataset/CWE-78/imagickal_5.0.1,CWE-78,None,true,true,NA,NA
secbench-dataset/CWE-78/im-metadata_3.0.1,CWE-78,None,true,false,NA,uknown
secbench-dataset/CWE-78/im-resize_2.3.2,CWE-78,None,true,true,NA,NA
secbench-dataset/CWE-78/kill-by-port_0.0.1,CWE-78,None,true,true,NA,NA
secbench-dataset/CWE-78/killing_1.0.6,CWE-78,None,false,false,Unsupported VIS,NA
secbench-dataset/CWE-78/killport_1.0.1,CWE-78,None,true,true,NA,NA
secbench-dataset/CWE-78/kill-port-process_0.0.1,CWE-78,None,true,true,NA,NA
secbench-dataset/CWE-78/kill-process-by-name_1.0.5,CWE-78,None,true,true,NA,NA
secbench-dataset/CWE-78/libnmap_0.4.11,CWE-78,None,false,false,Lazy values limitation,NA
secbench-dataset/CWE-78/local-devices_2.0.0,CWE-78,None,false,false,Lazy values limitation,NA
secbench-dataset/CWE-78/lsof_0.1.0,CWE-78,None,true,true,NA,NA
secbench-dataset/CWE-78/lycwed-spritesheetjs_1.2.5,CWE-78,None,false,false,Summary limitation,NA
secbench-dataset/CWE-78/macaddress_0.2.8,CWE-78,None,true,true,NA,NA
secbench-dataset/CWE-78/macfromip_1.1.1,CWE-78,None,true,true,NA,NA
secbench-dataset/CWE-78/monorepo-build_0.1.9,CWE-78,None,true,true,NA,NA
secbench-dataset/CWE-78/node-df_0.1.4,CWE-78,None,true,false,NA,uknown
secbench-dataset/CWE-78/node-key-sender_1.0.11,CWE-78,None,true,false,NA,uknown
secbench-dataset/CWE-78/node-latex-pdf_0.0.2,CWE-78,None,true,false,NA,uknown
secbench-dataset/CWE-78/node-mpv_0.12.2,CWE-78,None,true,false,NA,uknown
secbench-dataset/CWE-78/node-ps_0.0.2,CWE-78,None,false,false,unknown,NA
secbench-dataset/CWE-78/node-unrar_0.1.0,CWE-78,None,true,true,NA,NA
secbench-dataset/CWE-78/npm-git-publish_0.2.4-beta,CWE-78,None,false,false,unknown,NA
secbench-dataset/CWE-78/npm-help_1.0.0,CWE-78,None,false,false,unknown,NA
secbench-dataset/CWE-78/onion-oled-js_0.0.2,CWE-78,None,false,false,unknown,NA
secbench-dataset/CWE-78/open_0.0.5,CWE-78,None,true,false,NA,uknown
secbench-dataset/CWE-78/pdf-image_1.0.5,CWE-78,None,true,false,NA,uknown
secbench-dataset/CWE-78/pdf-image_2.0.0,CWE-78,None,true,false,NA,uknown
secbench-dataset/CWE-78/pdfinfojs_0.3.6,CWE-78,None,true,false,NA,uknown
secbench-dataset/CWE-78/pidusage_1.0.0,CWE-78,None,true,false,NA,uknown
secbench-dataset/CWE-78/port-killer_1.0.1,CWE-78,None,false,false,unknown,NA
secbench-dataset/CWE-78/portkiller_1.0.2,CWE-78,None,false,false,unknown,NA
secbench-dataset/CWE-78/portprocesses_1.0.4,CWE-78,None,true,true,NA,NA
secbench-dataset/CWE-78/ps_0.0.2,CWE-78,None,true,true,NA,NA
secbench-dataset/CWE-78/ps-kill_1.0.0,CWE-78,None,true,true,NA,NA
secbench-dataset/CWE-78/psnode_0.0.1,CWE-78,None,true,true,NA,NA
secbench-dataset/CWE-78/ps-visitor_0.0.2,CWE-78,None,false,false,unknown,NA
secbench-dataset/CWE-78/react-dev-utils_11.0.0,CWE-78,None,true,true,NA,NA
secbench-dataset/CWE-78/roar-pidusage_1.1.6,CWE-78,None,true,true,NA,NA
secbench-dataset/CWE-78/samsung-remote_1.2.5,CWE-78,None,true,true,NA,NA
secbench-dataset/CWE-78/scp_0.0.3,CWE-78,None,true,true,NA,NA
secbench-dataset/CWE-78/strider-git_1.0.3,CWE-78,None,false,false,unknown,NA
secbench-dataset/CWE-78/theme-core_0.2.5,CWE-78,None,true,true,NA,NA
secbench-dataset/CWE-78/thi.ng-egf_0.3.0,CWE-78,None,true,false,NA,uknown
secbench-dataset/CWE-78/total.js_3.4.6,CWE-78,None,false,false,unknown,NA
secbench-dataset/CWE-78/ts-process-promises_1.0.2,CWE-78,None,false,false,unknown,NA
secbench-dataset/CWE-78/umount_1.1.6,CWE-78,None,false,false,unknown,NA
secbench-dataset/CWE-78/vboxmanage.js_1.0.6,CWE-78,None,false,false,unknown,NA
secbench-dataset/CWE-78/wc-cmd_1.0.9,CWE-78,None,true,true,NA,NA
secbench-dataset/CWE-78/whereis_0.4.0,CWE-78,None,true,true,NA,NA
secbench-dataset/CWE-78/wincred_1.0.2,CWE-78,None,false,false,unknown,NA
secbench-dataset/CWE-78/xopen_1.0.0,CWE-78,None,true,true,NA,NA
secbench-dataset/CWE-78/xps_1.0.2,CWE-78,None,false,false,unknown,NA
secbench-dataset/CWE-94/access-policy_3.1.0,CWE-94,None,true,false,NA,uknown
secbench-dataset/CWE-94/cd-messenger_2.7.24,CWE-94,None,true,true,NA,NA
secbench-dataset/CWE-94/djv_2.0.0,CWE-94,None,true,true,NA,NA
secbench-dataset/CWE-94/hot-formula-parser_3.0.0,CWE-94,None,false,false,unknown,NA
secbench-dataset/CWE-94/json-ptr_2.0.0,CWE-94,None,true,false,NA,uknown
secbench-dataset/CWE-94/js-yaml_3.13.0,CWE-94,None,false,false,unknown,NA
secbench-dataset/CWE-94/kmc_1.2.2,CWE-94,None,false,false,unknown,NA
secbench-dataset/CWE-94/marsdb_0.6.11,CWE-94,None,true,false,NA,uknown
secbench-dataset/CWE-94/m-log_0.0.1,CWE-94,None,true,false,NA,uknown
secbench-dataset/CWE-94/modjs_0.4.0,CWE-94,None,false,false,unknown,NA
secbench-dataset/CWE-94/modulify_0.1.0,CWE-94,None,true,true,NA,NA
secbench-dataset/CWE-94/mol-proto_0.1.3,CWE-94,None,true,false,NA,uknown
secbench-dataset/CWE-94/mongoosemask_0.0.6,CWE-94,None,true,false,NA,uknown
secbench-dataset/CWE-94/mosc_1.0.0,CWE-94,None,false,false,unknown,NA
secbench-dataset/CWE-94/node-extend_0.2.0,CWE-94,None,true,false,NA,uknown
secbench-dataset/CWE-94/node-rules_3.0.0,CWE-94,None,true,false,NA,uknown
secbench-dataset/CWE-94/node-serialize_0.0.3,CWE-94,None,false,false,unknown,NA
secbench-dataset/CWE-94/pixl-class_1.0.0,CWE-94,None,false,false,unknown,NA
secbench-dataset/CWE-94/reduce-css-calc_1.2.0,CWE-94,None,false,false,unknown,NA
secbench-dataset/CWE-94/safe-eval_0.2.0,CWE-94,None,false,false,unknown,NA
secbench-dataset/CWE-94/safer-eval_1.3.1,CWE-94,None,false,false,unknown,NA
secbench-dataset/CWE-94/static-eval_1.1.1,CWE-94,None,false,false,unknown,NA
secbench-dataset/CWE-94/thenify_3.3.0,CWE-94,None,false,false,unknown,NA
secbench-dataset/CWE-94/underscore_1.13.0-0,CWE-94,None,false,false,unknown,NA
secbench-dataset/CWE-94/value-censorship_1.1.0,CWE-94,None,false,false,unknown,NA
secbench-dataset/CWE-94/veval_1.0.0,CWE-94,None,true,false,NA,uknown
secbench-dataset/CWE-94/wifiscanner_1.0.1,CWE-94,None,true,true,NA,NA
secbench-dataset/CWE-94/zhaoyao91-eval-in-vm_0.0.0,CWE-94,None,true,false,NA,uknown
secbench-dataset/CWE-471/algoliasearch-helper_3.6.0,CWE-471,None,true,true,NA,NA
secbench-dataset/CWE-471/arr-flatten-unflatten_1.1.4,CWE-471,None,false,false,unknown,NA
secbench-dataset/CWE-471/asciitable.js_1.0.2,CWE-471,None,true,true,NA,NA
secbench-dataset/CWE-471/assign-deep_1.0.0,CWE-471,None,true,true,NA,NA
secbench-dataset/CWE-471/aurelia-path_1.1.7,CWE-471,None,false,false,unknown,NA
secbench-dataset/CWE-471/bmoor_0.8.11,CWE-471,None,false,false,unknown,NA
secbench-dataset/CWE-471/bodymen_1.0.0,CWE-471,None,true,false,NA,uknown
secbench-dataset/CWE-471/cached-path-relative_1.0.1,CWE-471,None,true,false,NA,uknown
secbench-dataset/CWE-471/changeset_0.1.0,CWE-471,None,true,false,NA,uknown
secbench-dataset/CWE-471/component-flatten_1.0.1,CWE-471,None,true,false,NA,uknown
secbench-dataset/CWE-471/confucious_0.0.12,CWE-471,None,true,false,NA,uknown
secbench-dataset/CWE-471/convict_6.0.0,CWE-471,None,false,false,unknown,NA
secbench-dataset/CWE-471/copy-props_2.0.4,CWE-471,None,false,false,unknown,NA
secbench-dataset/CWE-471/decal_2.0.0,CWE-471,None,true,false,NA,uknown
secbench-dataset/CWE-471/decal_2.1.3,CWE-471,None,true,true,NA,NA
secbench-dataset/CWE-471/deep-defaults_1.0.5,CWE-471,None,true,true,NA,NA
secbench-dataset/CWE-471/deep-extend_0.5.0,CWE-471,None,true,false,NA,uknown
secbench-dataset/CWE-471/deep-get-set_1.1.0,CWE-471,None,true,false,NA,uknown
secbench-dataset/CWE-471/deephas_1.0.5,CWE-471,None,false,false,unknown,NA
secbench-dataset/CWE-471/deeply_3.0.0,CWE-471,None,false,false,unknown,NA
secbench-dataset/CWE-471/deepmergefn_1.1.0,CWE-471,None,true,true,NA,NA
secbench-dataset/CWE-471/deep-override_1.0.0,CWE-471,None,true,true,NA,NA
secbench-dataset/CWE-471/deepref_1.1.1,CWE-471,None,true,false,NA,uknown
secbench-dataset/CWE-471/deeps_1.4.5,CWE-471,None,true,false,NA,uknown
secbench-dataset/CWE-471/deep-set_1.0.0,CWE-471,None,true,false,NA,uknown
secbench-dataset/CWE-471/defaults-deep_0.2.0,CWE-471,None,false,false,unknown,NA
secbench-dataset/CWE-471/defaults-deep_0.2.4,CWE-471,None,false,false,unknown,NA
secbench-dataset/CWE-471/doc-path_2.0.0,CWE-471,None,false,false,unknown,NA
secbench-dataset/CWE-471/dot-notes_3.2.0,CWE-471,None,true,false,NA,uknown
secbench-dataset/CWE-471/dot-object_2.1.2,CWE-471,None,false,false,unknown,NA
secbench-dataset/CWE-471/dot-prop_2.0.0,CWE-471,None,true,false,NA,uknown
secbench-dataset/CWE-471/dotty_0.0.1,CWE-471,None,true,false,NA,uknown
secbench-dataset/CWE-471/dset_1.0.0,CWE-471,None,true,false,NA,uknown
secbench-dataset/CWE-471/eivifj-dot_1.0.2,CWE-471,None,true,false,NA,uknown
secbench-dataset/CWE-471/eivindfjeldstad-dot_0.0.1,CWE-471,None,true,false,NA,uknown
secbench-dataset/CWE-471/expand-hash_1.0.1,CWE-471,None,false,false,unknown,NA
secbench-dataset/CWE-471/extend_3.0.1,CWE-471,None,true,true,NA,NA
secbench-dataset/CWE-471/extend-merge_1.0.5,CWE-471,None,true,true,NA,NA
secbench-dataset/CWE-471/fast-json-patch_2.0.4,CWE-471,None,false,false,unknown,NA
secbench-dataset/CWE-471/field_1.0.1,CWE-471,None,false,false,unknown,NA
secbench-dataset/CWE-471/flat_5.0.0,CWE-471,None,false,false,unknown,NA
secbench-dataset/CWE-471/flat-wrap_1.0.2,CWE-471,None,false,false,unknown,NA
secbench-dataset/CWE-471/fluentui-styles_0.47.15,CWE-471,None,true,true,NA,NA
secbench-dataset/CWE-471/gammautils_0.0.81,CWE-471,None,true,true,NA,NA
secbench-dataset/CWE-471/gedi_1.6.3,CWE-471,None,false,false,unknown,NA
secbench-dataset/CWE-471/getobject_0.1.0,CWE-471,None,true,false,NA,uknown
secbench-dataset/CWE-471/getsetdeep_4.15.0,CWE-471,None,false,false,unknown,NA
secbench-dataset/CWE-471/grunt-util-property_0.0.2,CWE-471,None,false,false,unknown,NA
secbench-dataset/CWE-471/hoek_5.0.0,CWE-471,None,true,true,NA,NA
secbench-dataset/CWE-471/i18next_19.7.0,CWE-471,None,true,true,NA,NA
secbench-dataset/CWE-471/immer_8.0.0,CWE-471,None,false,false,unknown,NA
secbench-dataset/CWE-471/ini_1.3.5,CWE-471,None,false,false,unknown,NA
secbench-dataset/CWE-471/ini-parser_0.0.2,CWE-471,None,false,false,unknown,NA
secbench-dataset/CWE-471/iniparserjs_1.0.4,CWE-471,None,false,false,unknown,NA
secbench-dataset/CWE-471/inireader_1.0.0,CWE-471,None,false,false,unknown,NA
secbench-dataset/CWE-471/ion-parser_0.5.2,CWE-471,None,false,false,unknown,NA
secbench-dataset/CWE-471/jointjs_2.2.1,CWE-471,None,false,false,unknown,NA
secbench-dataset/CWE-471/jointjs_3.4.0,CWE-471,None,false,false,unknown,NA
secbench-dataset/CWE-471/jquery_1.11.0,CWE-471,None,false,false,unknown,NA
secbench-dataset/CWE-471/js-data_3.0.9,CWE-471,None,true,true,NA,NA
secbench-dataset/CWE-471/js-extend_0.0.1,CWE-471,None,true,true,NA,NA
secbench-dataset/CWE-471/js-ini_1.2.0,CWE-471,None,false,false,unknown,NA
secbench-dataset/CWE-471/json8-merge-patch_1.0.1,CWE-471,None,true,true,NA,NA
secbench-dataset/CWE-471/json-pointer_0.6.0,CWE-471,None,false,false,unknown,NA
secbench-dataset/CWE-471/json-pointer_0.6.1,CWE-471,None,false,false,unknown,NA
secbench-dataset/CWE-471/jsonpointer_4.0.0,CWE-471,None,false,false,unknown,NA
secbench-dataset/CWE-471/json-ptr_1.1.0,CWE-471,None,false,false,unknown,NA
secbench-dataset/CWE-471/json-schema_0.3.0,CWE-471,None,false,false,unknown,NA
secbench-dataset/CWE-471/just-extend_3.0.0,CWE-471,None,true,true,NA,NA
secbench-dataset/CWE-471/just-safe-set_1.0.0,CWE-471,None,true,false,NA,uknown
secbench-dataset/CWE-471/keyd_1.3.4,CWE-471,None,true,false,NA,uknown
secbench-dataset/CWE-471/keyget_2.2.0,CWE-471,None,true,false,NA,uknown
secbench-dataset/CWE-471/libnested_1.5.0,CWE-471,None,true,false,NA,uknown
secbench-dataset/CWE-471/linux-cmdline_1.0.0,CWE-471,None,false,false,unknown,NA
secbench-dataset/CWE-471/lodash_4.17.10,CWE-471,None,false,false,unknown,NA
secbench-dataset/CWE-471/lodash_4.17.11,CWE-471,None,false,false,unknown,NA
secbench-dataset/CWE-471/lodash_4.17.15,CWE-471,None,false,false,unknown,NA
secbench-dataset/CWE-471/lodash_4.17.9,CWE-471,None,false,false,unknown,NA
secbench-dataset/CWE-471/lutils_2.4.0,CWE-471,None,true,false,NA,uknown
secbench-dataset/CWE-471/lutils-merge_0.2.6,CWE-471,None,true,true,NA,NA
secbench-dataset/CWE-471/lyngs-digger_1.0.7,CWE-471,None,false,false,unknown,NA
secbench-dataset/CWE-471/lyngs-merge_1.0.9,CWE-471,None,false,false,unknown,NA
secbench-dataset/CWE-471/madlib-object-utils_0.1.6,CWE-471,None,true,false,NA,uknown
secbench-dataset/CWE-471/mathjs_7.4.0,CWE-471,None,true,true,NA,NA
secbench-dataset/CWE-471/merge_2.1.0,CWE-471,None,false,false,unknown,NA
secbench-dataset/CWE-471/merge-change_1.0.1,CWE-471,None,true,false,NA,uknown
secbench-dataset/CWE-471/merge-deep2_3.0.5,CWE-471,None,true,true,NA,NA
secbench-dataset/CWE-471/merge-deep_3.0.0,CWE-471,None,true,true,NA,NA
secbench-dataset/CWE-471/merge-objects_1.0.3,CWE-471,None,true,true,NA,NA
secbench-dataset/CWE-471/merge-options_1.0.0,CWE-471,None,true,true,NA,NA
secbench-dataset/CWE-471/merge-recursive_0.0.3,CWE-471,None,true,true,NA,NA
secbench-dataset/CWE-471/mergify_1.0.2,CWE-471,None,true,true,NA,NA
secbench-dataset/CWE-471/minimist_1.0.0,CWE-471,None,false,false,unknown,NA
secbench-dataset/CWE-471/mithril_1.0.0,CWE-471,None,false,false,unknown,NA
secbench-dataset/CWE-471/mixin-deep_1.3.0,CWE-471,None,true,true,NA,NA
secbench-dataset/CWE-471/mixin-deep_2.0.0,CWE-471,None,true,true,NA,NA
secbench-dataset/CWE-471/mootools_1.5.2,CWE-471,None,true,true,NA,NA
secbench-dataset/CWE-471/mout_1.0.0,CWE-471,None,true,false,NA,uknown
secbench-dataset/CWE-471/mpath_0.4.1,CWE-471,None,true,false,NA,uknown
secbench-dataset/CWE-471/mquery_3.2.1,CWE-471,None,true,true,NA,NA
secbench-dataset/CWE-471/multi-ini_2.1.0,CWE-471,None,false,false,unknown,NA
secbench-dataset/CWE-471/nested-object-assign_1.0.3,CWE-471,None,true,true,NA,NA
secbench-dataset/CWE-471/nested-property_0.0.5,CWE-471,None,true,false,NA,uknown
secbench-dataset/CWE-471/nestie_1.0.0,CWE-471,None,false,false,unknown,NA
secbench-dataset/CWE-471/nis-utils_0.6.10,CWE-471,None,true,false,NA,uknown
secbench-dataset/CWE-471/node-dig_1.0.1,CWE-471,None,true,false,NA,uknown
secbench-dataset/CWE-471/nodee-utils_1.2.2,CWE-471,None,true,false,NA,uknown
secbench-dataset/CWE-471/node-extend_1.0.0,CWE-471,None,true,true,NA,NA
secbench-dataset/CWE-471/node-forge_0.9.0,CWE-471,None,true,false,NA,uknown
secbench-dataset/CWE-471/node-ini_1.0.0,CWE-471,None,false,false,unknown,NA
secbench-dataset/CWE-471/node-oojs_1.4.0,CWE-471,None,false,false,unknown,NA
secbench-dataset/CWE-471/object-collider_1.0.3,CWE-471,None,false,false,unknown,NA
secbench-dataset/CWE-471/objection_2.0.0,CWE-471,None,false,false,unknown,NA
secbench-dataset/CWE-471/object-path_0.11.0,CWE-471,None,true,false,NA,uknown
secbench-dataset/CWE-471/object-path_0.11.4,CWE-471,None,true,false,NA,uknown
secbench-dataset/CWE-471/object-path-set_1.0.0,CWE-471,None,true,false,NA,uknown
secbench-dataset/CWE-471/objnest_5.0.0,CWE-471,None,false,false,unknown,NA
secbench-dataset/CWE-471/objtools_3.0.0,CWE-471,None,true,true,NA,NA
secbench-dataset/CWE-471/objutil_2.17.3,CWE-471,None,true,true,NA,NA
secbench-dataset/CWE-471/patchmerge_1.0.0,CWE-471,None,true,true,NA,NA
secbench-dataset/CWE-471/patchmerge_1.0.1,CWE-471,None,true,true,NA,NA
secbench-dataset/CWE-471/pathval_1.1.0,CWE-471,None,false,false,unknown,NA
secbench-dataset/CWE-471/paypal-adaptive_0.4.1,CWE-471,None,true,true,NA,NA
secbench-dataset/CWE-471/phpjs_1.3.2,CWE-471,None,false,false,unknown,NA
secbench-dataset/CWE-471/plain-object-merge_1.0.1,CWE-471,None,true,true,NA,NA
secbench-dataset/CWE-471/predefine_0.1.2,CWE-471,None,true,true,NA,NA
secbench-dataset/CWE-471/promisehelpers_0.0.5,CWE-471,None,true,false,NA,uknown
secbench-dataset/CWE-471/properties-reader_2.0.0,CWE-471,None,true,false,NA,uknown
secbench-dataset/CWE-471/property-expr_2.0.2,CWE-471,None,false,false,unknown,NA
secbench-dataset/CWE-471/prototyped.js_2.0.0,CWE-471,None,true,false,NA,uknown
secbench-dataset/CWE-471/putil-merge_3.0.0,CWE-471,None,true,true,NA,NA
secbench-dataset/CWE-471/querymen_2.1.3,CWE-471,None,true,false,NA,uknown
secbench-dataset/CWE-471/rdf-graph-array_0.3.0,CWE-471,None,true,false,NA,uknown
secbench-dataset/CWE-471/record-like-deep-assign_1.0.1,CWE-471,None,true,true,NA,NA
secbench-dataset/CWE-471/rfc6902_4.0.2,CWE-471,None,false,false,unknown,NA
secbench-dataset/CWE-471/safe-flat_2.0.0,CWE-471,None,false,false,unknown,NA
secbench-dataset/CWE-471/safe-obj_1.0.0,CWE-471,None,false,false,unknown,NA
secbench-dataset/CWE-471/safe-object2_1.0.3,CWE-471,None,true,false,NA,uknown
secbench-dataset/CWE-471/safetydance_2.0.1,CWE-471,None,true,false,NA,uknown
secbench-dataset/CWE-471/sahmat_1.0.0,CWE-471,None,true,false,NA,uknown
secbench-dataset/CWE-471/set-deep-prop_1.0.0,CWE-471,None,true,false,NA,uknown
secbench-dataset/CWE-471/set-in_1.0.0,CWE-471,None,false,false,unknown,NA
secbench-dataset/CWE-471/set-object-value_0.0.5,CWE-471,None,true,false,NA,uknown
secbench-dataset/CWE-471/set-or-get_1.2.10,CWE-471,None,false,false,unknown,NA
secbench-dataset/CWE-471/set-value_3.0.0,CWE-471,None,true,false,NA,uknown
secbench-dataset/CWE-471/shvl_2.0.1,CWE-471,None,true,false,NA,uknown
secbench-dataset/CWE-471/simpl-schema_1.10.0,CWE-471,None,true,true,NA,NA
secbench-dataset/CWE-471/smart-extend_1.7.3,CWE-471,None,true,true,NA,NA
secbench-dataset/CWE-471/strikeentco-set_1.0.0,CWE-471,None,true,false,NA,uknown
secbench-dataset/CWE-471/style-dictionary_2.10.2,CWE-471,None,true,true,NA,NA
secbench-dataset/CWE-471/supermixer_1.0.3,CWE-471,None,false,false,unknown,NA
secbench-dataset/CWE-471/swiper_6.5.0,CWE-471,None,true,true,NA,NA
secbench-dataset/CWE-471/think-config_1.0.0,CWE-471,None,true,false,NA,uknown
secbench-dataset/CWE-471/think-helper_1.1.0,CWE-471,None,true,true,NA,NA
secbench-dataset/CWE-471/tiny-conf_1.1.0,CWE-471,None,true,false,NA,uknown
secbench-dataset/CWE-471/total.js_3.4.6,CWE-471,None,false,false,unknown,NA
secbench-dataset/CWE-471/ts-dot-prop_1.4.0,CWE-471,None,true,false,NA,uknown
secbench-dataset/CWE-471/tsed-core_5.62.3,CWE-471,None,true,true,NA,NA
secbench-dataset/CWE-471/typeorm_0.2.24,CWE-471,None,false,false,unknown,NA
secbench-dataset/CWE-471/uifabric-utilities_7.20.2,CWE-471,None,true,true,NA,NA
secbench-dataset/CWE-471/undefsafe_2.0.2,CWE-471,None,false,false,unknown,NA
secbench-dataset/CWE-471/utils-extend_1.0.8,CWE-471,None,true,true,NA,NA
secbench-dataset/CWE-471/vega-util_1.13.0,CWE-471,None,true,false,NA,unknown
secbench-dataset/CWE-471/viking04-merge_1.0.0,CWE-471,None,true,false,NA,uknown
secbench-dataset/CWE-471/worksmith_1.0.0,CWE-471,None,false,false,unknown,NA
secbench-dataset/CWE-471/x-assign_0.1.4,CWE-471,None,true,true,NA,NA
secbench-dataset/CWE-471/y18n_3.2.1,CWE-471,None,false,false,unknown,NA
secbench-dataset/CWE-471/yargs-parser_6.0.0,CWE-471,None,false,false,unknown,NA
