benchmark,cwe,marker,path_time,expl_time,total_time,detection,exploit,
results/secbench-fast-out/CWE-94/hot-formula-parser_3.0.0/src/grammar-parser.js_fast,CWE-94,Timeout,nan,nan,600.,failed,failed,
results/secbench-fast-out/CWE-94/m-log_0.0.1/src/log.js_fast,CWE-94,Exited 0,4.90368360519,1.91131639481,6.815,successful,successful,
results/secbench-fast-out/CWE-94/safer-eval_1.3.1/src/index.js_fast,CWE-94,Exited 0,1.071,0.,1.071,failed,failed,
results/secbench-fast-out/CWE-94/modulify_0.1.0/src/modulify.js_fast,CWE-94,Timeout,nan,nan,600.,failed,failed,
results/secbench-fast-out/CWE-94/node-serialize_0.0.3/src/serialize.js_fast,CWE-94,Timeout,nan,nan,600.,failed,failed,
results/secbench-fast-out/CWE-94/cd-messenger_2.7.24/src/messenger-node.js_fast,CWE-94,Exited 0,1.44854360962,0.0654563903809,1.514,successful,successful,
results/secbench-fast-out/CWE-94/wifiscanner_1.0.1/src/wifiscanner.js_fast,CWE-94,Exited 0,0.901,0.,0.901,failed,failed,
results/secbench-fast-out/CWE-94/local-devices_2.0.0/src/index.js_fast,CWE-94,Exited 0,1.638,0.,1.638,failed,failed,
results/secbench-fast-out/CWE-94/djv_2.0.0/src/template.js_fast,CWE-94,Exited 0,0.00769781494141,1.31130218506,1.319,successful,failed,
results/secbench-fast-out/CWE-94/mongoosemask_0.0.6/src/index.js_fast,CWE-94,Exited 0,2.90771411514,0.628285884857,3.536,successful,failed,
results/secbench-fast-out/CWE-94/kmc_1.2.2/src/index.js_fast,CWE-94,Timeout,nan,nan,600.,failed,failed,
results/secbench-fast-out/CWE-94/reduce-css-calc_1.2.0/src/index.js_fast,CWE-94,Exited 0,30.9454491119,0.202550888062,31.148,successful,failed,
results/secbench-fast-out/CWE-94/static-eval_1.1.1/src/index.js_fast,CWE-94,Timeout,nan,nan,600.,failed,failed,
results/secbench-fast-out/CWE-94/js-yaml_3.13.0/src/function.js_fast,CWE-94,Exited 0,0.963,0.,0.963,failed,failed,
results/secbench-fast-out/CWE-94/mol-proto_0.1.3/src/proto_function.js_fast,CWE-94,Exited 0,2.54114263344,5.28685736656,7.828,successful,failed,
results/secbench-fast-out/CWE-94/pixl-class_1.0.0/src/class.js_fast,CWE-94,Exited 0,3.31841225815,0.108587741852,3.427,successful,failed,
results/secbench-fast-out/CWE-94/underscore_1.13.0-0/src/template.js_fast,CWE-94,Exited 0,0.652,0.,0.652,failed,failed,
results/secbench-fast-out/CWE-94/value-censorship_1.1.0/src/index.js_fast,CWE-94,Exited 0,1.02066970062,0.0813302993774,1.102,failed,failed,
results/secbench-fast-out/CWE-94/safe-eval_0.2.0/src/index.js_fast,CWE-94,Exited 0,0.703,0.,0.703,failed,failed,
results/secbench-fast-out/CWE-94/modjs_0.4.0/src/sea.js_fast,CWE-94,Exited 0,42.6907956848,0.885204315186,43.576,successful,failed,
results/secbench-fast-out/CWE-94/veval_1.0.0/src/index.js_fast,CWE-94,Exited 0,0.794,0.,0.794,failed,failed,
results/secbench-fast-out/CWE-471/putil-merge_3.0.0/src/merge.js_fast,CWE-471,Exited 0,1.013,0.,1.013,failed,failed,
results/secbench-fast-out/CWE-471/worksmith_1.0.0/src/index.js_fast,CWE-471,Exited 0,1.573,0.,1.573,failed,failed,
results/secbench-fast-out/CWE-471/objutil_2.17.3/src/objutil.cjs.js_fast,CWE-471,Timeout,nan,nan,600.,failed,failed,
results/secbench-fast-out/CWE-471/dset_1.0.0/src/dset.js_fast,CWE-471,Exited 0,0.776,0.,0.776,failed,failed,
results/secbench-fast-out/CWE-471/convict_6.0.0/src/main.js_fast,CWE-471,Exited 0,1.766,0.,1.766,failed,failed,
results/secbench-fast-out/CWE-471/think-helper_1.1.0/src/index.js_fast,CWE-471,Exited 1,nan,nan,1.709,failed,failed,
results/secbench-fast-out/CWE-471/deeps_1.4.5/src/index.js_fast,CWE-471,Exited 0,1.169,0.,1.169,failed,failed,
results/secbench-fast-out/CWE-471/shvl_2.0.1/src/index.js_fast,CWE-471,Exited 0,0.674,0.,0.674,failed,failed,
results/secbench-fast-out/CWE-471/json-pointer_0.6.0/src/index.js_fast,CWE-471,Timeout,nan,nan,600.,failed,failed,
results/secbench-fast-out/CWE-471/just-safe-set_1.0.0/src/index.js_fast,CWE-471,Exited 0,0.888,0.,0.888,failed,failed,
results/secbench-fast-out/CWE-471/tiny-conf_1.1.0/src/tiny-conf.js_fast,CWE-471,Exited 0,5.638,0.,5.638,failed,failed,
results/secbench-fast-out/CWE-471/dot-prop_2.0.0/src/index.js_fast,CWE-471,Exited 0,0.989,0.,0.989,failed,failed,
results/secbench-fast-out/CWE-471/grunt-util-property_0.0.2/src/main.js_fast,CWE-471,Exited 0,0.84,0.,0.84,failed,failed,
results/secbench-fast-out/CWE-471/extend-merge_1.0.5/src/base-extend.js_fast,CWE-471,Exited 0,3.34,0.,3.34,failed,failed,
results/secbench-fast-out/CWE-471/merge-deep2_3.0.5/src/index.js_fast,CWE-471,Exited 0,0.86,0.,0.86,failed,failed,
results/secbench-fast-out/CWE-471/algoliasearch-helper_3.6.0/src/merge.js_fast,CWE-471,Exited 0,0.851,0.,0.851,failed,failed,
results/secbench-fast-out/CWE-471/lodash_4.17.15/src/lodash.js_fast,CWE-471,Exited 1,nan,nan,15.276,failed,failed,
results/secbench-fast-out/CWE-471/objection_2.0.0/src/objectUtils.js_fast,CWE-471,Exited 0,2.503,0.,2.503,failed,failed,
results/secbench-fast-out/CWE-471/x-assign_0.1.4/src/index.js_fast,CWE-471,Exited 0,1.021,0.,1.021,failed,failed,
results/secbench-fast-out/CWE-471/objtools_3.0.0/src/index.js_fast,CWE-471,Timeout,nan,nan,600.,failed,failed,
results/secbench-fast-out/CWE-471/ini_1.3.5/src/ini.js_fast,CWE-471,Timeout,nan,nan,600.,failed,failed,
results/secbench-fast-out/CWE-471/nis-utils_0.6.10/src/object.js_fast,CWE-471,Exited 0,1.208,0.,1.208,failed,failed,
results/secbench-fast-out/CWE-471/supermixer_1.0.3/src/mixer.js_fast,CWE-471,Exited 0,207.808,0.,207.808,failed,failed,
results/secbench-fast-out/CWE-471/style-dictionary_2.10.2/src/deepExtend.js_fast,CWE-471,Timeout,nan,nan,600.,failed,failed,
results/secbench-fast-out/CWE-471/properties-reader_2.0.0/src/properties-reader.js_fast,CWE-471,Exited 0,17.461,0.,17.461,failed,failed,
results/secbench-fast-out/CWE-471/node-oojs_1.4.0/src/oojs.js_fast,CWE-471,Timeout,nan,nan,600.,failed,failed,
results/secbench-fast-out/CWE-471/mquery_3.2.1/src/utils.js_fast,CWE-471,Exited 0,1.178,0.,1.178,failed,failed,
results/secbench-fast-out/CWE-471/node-dig_1.0.1/src/index.js_fast,CWE-471,Exited 0,0.82,0.,0.82,failed,failed,
results/secbench-fast-out/CWE-471/safetydance_2.0.1/src/index.js_fast,CWE-471,Exited 0,1.418,0.,1.418,failed,failed,
results/secbench-fast-out/CWE-471/deepmergefn_1.1.0/src/index.js_fast,CWE-471,Exited 0,44.315,0.,44.315,failed,failed,
results/secbench-fast-out/CWE-471/hoek_5.0.0/src/index.js_fast,CWE-471,Timeout,nan,nan,600.,failed,failed,
results/secbench-fast-out/CWE-471/asciitable.js_1.0.2/src/asciitable.umd.js_fast,CWE-471,Exited 0,453.63,0.,453.63,failed,failed,
results/secbench-fast-out/CWE-471/object-path-set_1.0.0/src/index.js_fast,CWE-471,Exited 0,1.011,0.,1.011,failed,failed,
results/secbench-fast-out/CWE-471/node-extend_1.0.0/src/extend.js_fast,CWE-471,Exited 0,0.925,0.,0.925,failed,failed,
results/secbench-fast-out/CWE-471/y18n_3.2.1/src/index.js_fast,CWE-471,Exited 0,5.045,0.,5.045,failed,failed,
results/secbench-fast-out/CWE-471/ion-parser_0.5.2/src/parser.js_fast,CWE-471,Exited 0,1.308,0.,1.308,failed,failed,
results/secbench-fast-out/CWE-471/doc-path_2.0.0/src/path.js_fast,CWE-471,Timeout,nan,nan,600.,failed,failed,
results/secbench-fast-out/CWE-471/object-path_0.11.0/src/index.js_fast,CWE-471,Timeout,nan,nan,600.,failed,failed,
results/secbench-fast-out/CWE-471/yargs-parser_6.0.0/src/index.js_fast,CWE-471,Exited 0,2.173,0.,2.173,failed,failed,
results/secbench-fast-out/CWE-471/jquery_1.11.0/src/jquery.js_fast,CWE-471,Timeout,nan,nan,600.,failed,failed,
results/secbench-fast-out/CWE-471/node-forge_0.9.0/src/util.js_fast,CWE-471,Exited 0,472.761,0.,472.761,failed,failed,
results/secbench-fast-out/CWE-471/jsonpointer_4.0.0/src/jsonpointer.js_fast,CWE-471,Exited 0,1.146,0.,1.146,failed,failed,
results/secbench-fast-out/CWE-471/fast-json-patch_2.0.4/src/core.js_fast,CWE-471,Timeout,nan,nan,600.,failed,failed,
results/secbench-fast-out/CWE-471/promisehelpers_0.0.5/src/index.js_fast,CWE-471,Exited 0,0.947,0.,0.947,failed,failed,
results/secbench-fast-out/CWE-471/dot-notes_3.2.0/src/create.js_fast,CWE-471,Exited 0,0.812,0.,0.812,failed,failed,
results/secbench-fast-out/CWE-471/safe-flat_2.0.0/src/index.js_fast,CWE-471,Exited 0,1.165,0.,1.165,failed,failed,
results/secbench-fast-out/CWE-471/copy-props_2.0.4/src/index.js_fast,CWE-471,Exited 0,3.131,0.,3.131,failed,failed,
results/secbench-fast-out/CWE-471/deep-set_1.0.0/src/index.js_fast,CWE-471,Exited 0,1.34,0.,1.34,failed,failed,
results/secbench-fast-out/CWE-471/simpl-schema_1.10.0/src/merge.js_fast,CWE-471,Exited 0,0.834,0.,0.834,failed,failed,
results/secbench-fast-out/CWE-471/mootools_1.5.2/src/mootools-core-1.5.2-server.js_fast,CWE-471,Exited 0,4.776,0.,4.776,failed,failed,
results/secbench-fast-out/CWE-471/json8-merge-patch_1.0.1/src/apply.js_fast,CWE-471,Exited 0,1.736,0.,1.736,failed,failed,
results/secbench-fast-out/CWE-471/set-object-value_0.0.5/src/index.js_fast,CWE-471,Exited 0,204.331,0.,204.331,failed,failed,
results/secbench-fast-out/CWE-471/component-flatten_1.0.1/src/index.js_fast,CWE-471,Exited 0,1.467,0.,1.467,failed,failed,
results/secbench-fast-out/CWE-471/expand-hash_1.0.1/src/index.js_fast,CWE-471,Exited 0,7.463,0.,7.463,failed,failed,
results/secbench-fast-out/CWE-471/linux-cmdline_1.0.0/src/index.js_fast,CWE-471,Exited 0,1.361,0.,1.361,failed,failed,
results/secbench-fast-out/CWE-471/bmoor_0.8.11/src/core.js_fast,CWE-471,Exited 0,0.971,0.,0.971,failed,failed,
results/secbench-fast-out/CWE-471/dot-object_2.1.2/src/index.js_fast,CWE-471,Timeout,nan,nan,600.,failed,failed,
results/secbench-fast-out/CWE-471/eivindfjeldstad-dot_0.0.1/src/index.js_fast,CWE-471,Exited 0,0.858,0.,0.858,failed,failed,
results/secbench-fast-out/CWE-471/vega-util_1.13.0/src/vega-util.js_fast,CWE-471,Exited 1,nan,nan,354.661,failed,failed,
results/secbench-fast-out/CWE-471/decal_2.0.0/src/set.js_fast,CWE-471,Exited 0,1.232,0.,1.232,failed,failed,
results/secbench-fast-out/CWE-471/json-schema_0.3.0/src/validate.js_fast,CWE-471,Timeout,nan,nan,600.,failed,failed,
results/secbench-fast-out/CWE-471/defaults-deep_0.2.0/src/index.js_fast,CWE-471,Exited 0,1.086,0.,1.086,failed,failed,
results/secbench-fast-out/CWE-471/rdf-graph-array_0.3.0/src/index.js_fast,CWE-471,Exited 0,5.191,0.,5.191,failed,failed,
results/secbench-fast-out/CWE-471/set-deep-prop_1.0.0/src/set-deep-prop.js_fast,CWE-471,Exited 0,0.74,0.,0.74,failed,failed,
results/secbench-fast-out/CWE-471/libnested_1.5.0/src/index.js_fast,CWE-471,Exited 0,65.307,0.,65.307,failed,failed,
results/secbench-fast-out/CWE-471/lodash_4.17.10/src/lodash.js_fast,CWE-471,Exited 1,nan,nan,16.356,failed,failed,
results/secbench-fast-out/CWE-471/querymen_2.1.3/src/index.js_fast,CWE-471,Exited 0,1.525,0.,1.525,failed,failed,
results/secbench-fast-out/CWE-471/mithril_1.0.0/src/mithril.js_fast,CWE-471,Timeout,nan,nan,600.,failed,failed,
results/secbench-fast-out/CWE-471/deep-defaults_1.0.5/src/index.js_fast,CWE-471,Exited 0,0.904,0.,0.904,failed,failed,
results/secbench-fast-out/CWE-471/json-pointer_0.6.1/src/index.js_fast,CWE-471,Timeout,nan,nan,600.,failed,failed,
results/secbench-fast-out/CWE-471/deep-get-set_1.1.0/src/index.js_fast,CWE-471,Exited 0,0.846,0.,0.846,failed,failed,
results/secbench-fast-out/CWE-471/field_1.0.1/src/field.js_fast,CWE-471,Exited 0,2.976,0.,2.976,failed,failed,
results/secbench-fast-out/CWE-471/think-config_1.0.0/src/index.js_fast,CWE-471,Exited 0,1.196,0.,1.196,failed,failed,
results/secbench-fast-out/CWE-471/js-extend_0.0.1/src/extend.js_fast,CWE-471,Exited 0,0.735,0.,0.735,failed,failed,
results/secbench-fast-out/CWE-471/assign-deep_1.0.0/src/index.js_fast,CWE-471,Exited 0,1.327,0.,1.327,failed,failed,
results/secbench-fast-out/CWE-471/arr-flatten-unflatten_1.1.4/src/unflatten.js_fast,CWE-471,Exited 0,0.721,0.,0.721,failed,failed,
results/secbench-fast-out/CWE-471/mout_1.0.0/src/set.js_fast,CWE-471,Exited 0,0.834,0.,0.834,failed,failed,
results/secbench-fast-out/CWE-471/madlib-object-utils_0.1.6/src/utils.js_fast,CWE-471,Exited 0,1.581,0.,1.581,failed,failed,
results/secbench-fast-out/CWE-471/deeply_3.0.0/src/reduce_object.js_fast,CWE-471,Exited 0,0.706,0.,0.706,failed,failed,
results/secbench-fast-out/CWE-471/iniparserjs_1.0.4/src/ini_parser.js_fast,CWE-471,Exited 0,20.946,0.,20.946,failed,failed,
results/secbench-fast-out/CWE-471/changeset_0.1.0/src/index.js_fast,CWE-471,Exited 0,1.51,0.,1.51,failed,failed,
results/secbench-fast-out/CWE-471/inireader_1.0.0/src/inireadercore.js_fast,CWE-471,Timeout,nan,nan,600.,failed,failed,
results/secbench-fast-out/CWE-471/merge-objects_1.0.3/src/merge-objects.js_fast,CWE-471,Timeout,nan,nan,600.,failed,failed,
results/secbench-fast-out/CWE-471/paypal-adaptive_0.4.1/src/paypal-adaptive.js_fast,CWE-471,Exited 0,1.523,0.,1.523,failed,failed,
results/secbench-fast-out/CWE-471/deephas_1.0.5/src/deepHas.js_fast,CWE-471,Exited 0,1.619,0.,1.619,failed,failed,
results/secbench-fast-out/CWE-471/merge-change_1.0.1/src/utils.js_fast,CWE-471,Exited 0,2.895,0.,2.895,failed,failed,
results/secbench-fast-out/CWE-471/property-expr_2.0.2/src/index.js_fast,CWE-471,Exited 0,1.776,0.,1.776,failed,failed,
results/secbench-fast-out/CWE-471/json-ptr_1.1.0/src/index.js_fast,CWE-471,Timeout,nan,nan,600.,failed,failed,
results/secbench-fast-out/CWE-471/aurelia-path_1.1.7/src/aurelia-path.js_fast,CWE-471,Timeout,nan,nan,600.,failed,failed,
results/secbench-fast-out/CWE-471/keyd_1.3.4/src/index.js_fast,CWE-471,Exited 0,12.612,0.,12.612,failed,failed,
results/secbench-fast-out/CWE-471/object-path_0.11.4/src/index.js_fast,CWE-471,Timeout,nan,nan,600.,failed,failed,
results/secbench-fast-out/CWE-471/objnest_5.0.0/src/objnest.js_fast,CWE-471,Exited 0,1.2,0.,1.2,failed,failed,
results/secbench-fast-out/CWE-471/safe-obj_1.0.0/src/index.js_fast,CWE-471,Timeout,nan,nan,600.,failed,failed,
results/secbench-fast-out/CWE-471/dotty_0.0.1/src/index.js_fast,CWE-471,Exited 0,3.869,0.,3.869,failed,failed,
results/secbench-fast-out/CWE-471/swiper_6.5.0/src/utils.js_fast,CWE-471,Exited 0,1.539,0.,1.539,failed,failed,
results/secbench-fast-out/CWE-471/merge_2.1.0/src/index.js_fast,CWE-471,Exited 0,0.909,0.,0.909,failed,failed,
results/secbench-fast-out/CWE-471/confucious_0.0.12/src/confucious.js_fast,CWE-471,Exited 0,1.148,0.,1.148,failed,failed,
results/secbench-fast-out/CWE-471/phpjs_1.3.2/src/npm.js_fast,CWE-471,Timeout,nan,nan,600.,failed,failed,
results/secbench-fast-out/CWE-471/plain-object-merge_1.0.1/src/index.js_fast,CWE-471,Timeout,nan,nan,600.,failed,failed,
results/secbench-fast-out/CWE-471/patchmerge_1.0.1/src/index.js_fast,CWE-471,Exited 0,1.112,0.,1.112,failed,failed,
results/secbench-fast-out/CWE-471/nodee-utils_1.2.2/src/object.js_fast,CWE-471,Timeout,nan,nan,600.,failed,failed,
results/secbench-fast-out/CWE-471/nestie_1.0.0/src/index.js_fast,CWE-471,Exited 0,0.749,0.,0.749,failed,failed,
results/secbench-fast-out/CWE-471/getobject_0.1.0/src/getobject.js_fast,CWE-471,Exited 0,2.914,0.,2.914,failed,failed,
results/secbench-fast-out/CWE-471/decal_2.1.3/src/extend.js_fast,CWE-471,Exited 0,1.028,0.,1.028,failed,failed,
results/secbench-fast-out/CWE-471/gammautils_0.0.81/src/objectUtils.js_fast,CWE-471,Exited 0,2.872,0.,2.872,failed,failed,
results/secbench-fast-out/CWE-471/gedi_1.6.3/src/gedi.js_fast,CWE-471,Exited 0,487.097,0.,487.097,failed,failed,
results/secbench-fast-out/CWE-471/undefsafe_2.0.2/src/undefsafe.js_fast,CWE-471,Exited 0,18.504,0.,18.504,failed,failed,
results/secbench-fast-out/CWE-471/patchmerge_1.0.0/src/index.js_fast,CWE-471,Exited 0,1.115,0.,1.115,failed,failed,
results/secbench-fast-out/CWE-471/mathjs_7.4.0/src/object.js_fast,CWE-471,Exited 0,1.228,0.,1.228,failed,failed,
results/secbench-fast-out/CWE-471/keyget_2.2.0/src/index.js_fast,CWE-471,Timeout,nan,nan,600.,failed,failed,
results/secbench-fast-out/CWE-471/flat_5.0.0/src/index.js_fast,CWE-471,Timeout,nan,nan,600.,failed,failed,
results/secbench-fast-out/CWE-471/getsetdeep_4.15.0/src/index.js_fast,CWE-471,Exited 0,75.167,0.,75.167,failed,failed,
results/secbench-fast-out/CWE-471/deepref_1.1.1/src/index.js_fast,CWE-471,Timeout,nan,nan,600.,failed,failed,
results/secbench-fast-out/CWE-471/mixin-deep_2.0.0/src/index.js_fast,CWE-471,Exited 0,0.727,0.,0.727,failed,failed,
results/secbench-fast-out/CWE-471/deep-override_1.0.0/src/index.js_fast,CWE-471,Exited 0,1.097,0.,1.097,failed,failed,
results/secbench-fast-out/CWE-471/rfc6902_4.0.2/src/patch.js_fast,CWE-471,Exited 0,2.747,0.,2.747,failed,failed,
results/secbench-fast-out/CWE-471/pathval_1.1.0/src/index.js_fast,CWE-471,Exited 0,1.451,0.,1.451,failed,failed,
results/secbench-fast-out/CWE-471/minimist_1.0.0/src/index.js_fast,CWE-471,Timeout,nan,nan,600.,failed,failed,
results/secbench-fast-out/CWE-471/lodash_4.17.9/src/lodash.js_fast,CWE-471,Exited 1,nan,nan,25.841,failed,failed,
results/secbench-fast-out/CWE-471/predefine_0.1.2/src/index.js_fast,CWE-471,Exited 0,4.256,0.,4.256,failed,failed,
results/secbench-fast-out/CWE-22/proxey_0.4.2/src/proxey.js_fast,CWE-22,Exited 0,2.65854277039,0.435457229614,3.094,successful,successful,
results/secbench-fast-out/CWE-22/isv-http_0.0.9/src/index.js_fast,CWE-22,Exited 0,1.38041833115,0.251581668854,1.632,failed,failed,
results/secbench-fast-out/CWE-22/statics-server_0.0.9/src/index.js_fast,CWE-22,Exited 0,0.859,0.,0.859,failed,failed,
results/secbench-fast-out/CWE-22/web-node-server_0.1.0/src/nodeserver.js_fast,CWE-22,Exited 0,2.02192526817,1.66307473183,3.685,successful,failed,
results/secbench-fast-out/CWE-22/serverwg_1.0.0/src/index.js_fast,CWE-22,Exited 0,0.968644151688,0.166355848312,1.135,successful,failed,
results/secbench-fast-out/CWE-22/zjjserver_1.0.0/src/index.js_fast,CWE-22,Exited 0,1.10319848824,0.504801511765,1.608,successful,failed,
results/secbench-fast-out/CWE-22/gaoxiaotingtingting_1.1.0/src/index.js_fast,CWE-22,Exited 0,1.07753775024,0.0964622497559,1.174,successful,failed,
results/secbench-fast-out/CWE-22/yypsulie11_1.0.0/src/index.js_fast,CWE-22,Exited 0,0.973637472153,0.0873625278473,1.061,successful,failed,
results/secbench-fast-out/CWE-22/22lixian_1.0.0/src/demo.js_fast,CWE-22,Exited 0,1.06885660934,0.0941433906555,1.163,successful,failed,
results/secbench-fast-out/CWE-22/static-server-gx_1.2.1/src/server.js_fast,CWE-22,Exited 0,1.0120674305,0.255932569504,1.268,successful,failed,
results/secbench-fast-out/CWE-22/zhanglina_1.0.0/src/index.js_fast,CWE-22,Exited 0,1.10728436279,0.600715637207,1.708,successful,failed,
results/secbench-fast-out/CWE-22/goserv_1.0.0/src/goserv.js_fast,CWE-22,Exited 0,1.64131638718,92.6806836128,94.322,failed,successful,
results/secbench-fast-out/CWE-22/serverlyr_1.1.0/src/index.js_fast,CWE-22,Exited 0,0.978672834396,0.167327165604,1.146,successful,failed,
results/secbench-fast-out/CWE-22/serverwzl_1.3.1/src/index.js_fast,CWE-22,Exited 0,0.94826889801,0.0847311019897,1.033,successful,failed,
results/secbench-fast-out/CWE-22/exxxxxxxxxxx_1.0.2/src/res.js_fast,CWE-22,Exited 0,1.03,0.,1.03,failed,failed,
results/secbench-fast-out/CWE-22/open-device_4.0.1/src/server-accessible.js_fast,CWE-22,Exited 0,0.788,0.,0.788,failed,failed,
results/secbench-fast-out/CWE-22/file-static-server_1.0.2/src/file.js_fast,CWE-22,Exited 0,1.508,0.,1.508,failed,failed,
results/secbench-fast-out/CWE-22/statichttpserver_0.9.7/src/respond.js_fast,CWE-22,Exited 0,1.006,0.,1.006,failed,failed,
results/secbench-fast-out/CWE-22/wrlc_0.2.5/src/index.js_fast,CWE-22,Exited 0,1.51372671318,0.0882732868195,1.602,failed,failed,
results/secbench-fast-out/CWE-22/wenluhong111_1.0.0/src/index.js_fast,CWE-22,Exited 0,0.983763463974,0.174236536026,1.158,successful,failed,
results/secbench-fast-out/CWE-22/getstats_1.0.6/src/server.js_fast,CWE-22,Exited 0,1.45357526779,0.686424732208,2.14,failed,failed,
results/secbench-fast-out/CWE-22/serveryztyzt_1.4.0/src/node.js_fast,CWE-22,Exited 0,0.953517879486,0.0854821205139,1.039,successful,failed,
results/secbench-fast-out/CWE-22/servewuqianqianqian_1.0.0/src/index.js_fast,CWE-22,Exited 0,0.940658784866,0.0853412151337,1.026,successful,failed,
results/secbench-fast-out/CWE-22/11xiaoli_1.1.0/src/dome.js_fast,CWE-22,Exited 0,1.0572871933,0.0937128067017,1.151,successful,failed,
results/secbench-fast-out/CWE-22/httpea_3.0.4/src/index.js_fast,CWE-22,Exited 0,1.15755637932,0.330443620682,1.488,failed,failed,
results/secbench-fast-out/CWE-22/serverxxx_1.0.0/src/index.js_fast,CWE-22,Exited 0,1.05939000893,0.403609991074,1.463,successful,failed,
results/secbench-fast-out/CWE-22/servergmf_1.1.0/src/index.js_fast,CWE-22,Exited 0,0.952064811707,0.0849351882935,1.037,successful,failed,
results/secbench-fast-out/CWE-22/gyfserver_1.0.0/src/index.js_fast,CWE-22,Exited 0,1.12543808365,0.438561916351,1.564,successful,failed,
results/secbench-fast-out/CWE-22/dylmomo_1.0.0/src/index.js_fast,CWE-22,Exited 0,1.04909474754,0.0999052524567,1.149,successful,failed,
results/secbench-fast-out/CWE-22/run-this-place_1.0.2/src/index.js_fast,CWE-22,Exited 0,1.45910074234,0.18589925766,1.645,failed,failed,
results/secbench-fast-out/CWE-22/serveryyl_1.1.0/src/index.js_fast,CWE-22,Exited 0,1.00826381111,0.175736188889,1.184,successful,failed,
results/secbench-fast-out/CWE-22/cypserver_1.0.0/src/index.js_fast,CWE-22,Exited 0,1.19010428619,0.451895713806,1.642,successful,failed,
results/secbench-fast-out/CWE-22/ritp_1.0.5/src/index.js_fast,CWE-22,Exited 0,1.47889785004,0.163102149963,1.642,failed,failed,
results/secbench-fast-out/CWE-22/mcstatic_0.0.20/src/responseHandlers.js_fast,CWE-22,Exited 0,1.127,0.,1.127,failed,failed,
results/secbench-fast-out/CWE-22/xingbaohai_1.0.0/src/index.js_fast,CWE-22,Exited 0,0.966317203522,0.0866827964783,1.053,successful,failed,
results/secbench-fast-out/CWE-22/liyujing_1.1.0/src/index.js_fast,CWE-22,Exited 0,0.926765907288,0.0862340927124,1.013,successful,failed,
results/secbench-fast-out/CWE-22/bitty_0.1.0/src/index.js_fast,CWE-22,Exited 0,1.71543265533,0.521567344666,2.237,failed,failed,
results/secbench-fast-out/CWE-22/rollup-plugin-dev-server_0.4.3/src/index.cjs.js_fast,CWE-22,Exited 0,3.67650047684,63.3124995232,66.989,successful,failed,
results/secbench-fast-out/CWE-22/ljjnodeserve_1.0.0/src/index.js_fast,CWE-22,Exited 0,1.03483944702,0.423160552979,1.458,successful,failed,
results/secbench-fast-out/CWE-22/srverqq_1.0.0/src/index.js_fast,CWE-22,Exited 0,1.07706936646,0.410930633545,1.488,successful,failed,
results/secbench-fast-out/CWE-22/serverabc_1.0.0/src/index.js_fast,CWE-22,Exited 0,1.05698376465,0.401016235352,1.458,successful,failed,
results/secbench-fast-out/CWE-22/yxxserver_1.0.0/src/index.js_fast,CWE-22,Exited 0,0.976424564362,0.0875754356384,1.064,successful,failed,
results/secbench-fast-out/CWE-22/zhaolei1111_1.1.0/src/index.js_fast,CWE-22,Exited 0,0.986345409393,0.0876545906067,1.074,successful,failed,
results/secbench-fast-out/CWE-22/serveryaozeyan_1.0.4/src/index.js_fast,CWE-22,Exited 0,0.949751529694,0.0852484703064,1.035,successful,failed,
results/secbench-fast-out/CWE-22/zxyserver_1.0.0/src/index.js_fast,CWE-22,Exited 0,1.10494293785,0.591057062149,1.696,successful,successful,
results/secbench-fast-out/CWE-22/hangersteak_0.2.2/src/hangersteak.js_fast,CWE-22,Exited 0,0.887,0.,0.887,failed,failed,
results/secbench-fast-out/CWE-22/cuiaiguang_1.0.0/src/index.js_fast,CWE-22,Exited 0,1.1449365139,0.430063486099,1.575,successful,failed,
results/secbench-fast-out/CWE-22/ltt_1.1.0/src/index.js_fast,CWE-22,Exited 0,1.01135313225,0.0856468677521,1.097,successful,failed,
results/secbench-fast-out/CWE-22/zs123_1.0.0/src/node.js_fast,CWE-22,Exited 0,1.07131117439,0.414688825607,1.486,successful,failed,
results/secbench-fast-out/CWE-22/node-static-webserver_0.0.1/src/node-static-webserver.js_fast,CWE-22,Exited 0,3.45082289696,1.74417710304,5.195,failed,failed,
results/secbench-fast-out/CWE-22/shenliru_1.2.0/src/index.js_fast,CWE-22,Exited 0,0.789965414047,0.0590345859528,0.849,successful,failed,
results/secbench-fast-out/CWE-22/basic-static_2.0.2/src/basic-static.js_fast,CWE-22,Exited 0,6.304,0.,6.304,failed,failed,
results/secbench-fast-out/CWE-22/cxy_1.1.0/src/index.js_fast,CWE-22,Exited 0,1.01769118881,0.0883088111877,1.106,successful,failed,
results/secbench-fast-out/CWE-22/pico-static-server_2.3.4/src/index.js_fast,CWE-22,Exited 0,1.41365011024,0.814349889755,2.228,failed,failed,
results/secbench-fast-out/CWE-22/hdsdhhksjd_1.0.0/src/index.js_fast,CWE-22,Exited 0,0.981320064545,0.0866799354553,1.068,successful,failed,
results/secbench-fast-out/CWE-22/pytservce_1.0.0/src/index.js_fast,CWE-22,Exited 0,1.07085589218,0.492144107819,1.563,successful,failed,
results/secbench-fast-out/CWE-22/canvas-designer_1.2.1/src/server.js_fast,CWE-22,Exited 0,1.20231357574,0.457686424255,1.66,failed,failed,
results/secbench-fast-out/CWE-22/asset-cache_0.0.6/src/asset-cache.js_fast,CWE-22,Exited 0,1.65681403351,0.500185966492,2.157,successful,failed,
results/secbench-fast-out/CWE-22/welcomyzt_1.1.0/src/node.js_fast,CWE-22,Exited 0,0.988938262939,0.0890617370605,1.078,successful,failed,
results/secbench-fast-out/CWE-22/my-sn_1.0.1/src/server.js_fast,CWE-22,Exited 0,1.25025976181,0.25474023819,1.505,failed,failed,
results/secbench-fast-out/CWE-22/serversyysyy_1.1.0/src/index.js_fast,CWE-22,Exited 0,0.969662343979,0.167337656021,1.137,successful,failed,
results/secbench-fast-out/CWE-22/cyber-js_1.0.6/src/app.js_fast,CWE-22,Exited 0,1.38402719307,0.713972806931,2.098,failed,failed,
results/secbench-fast-out/CWE-22/serverxh_1.0.0/src/index.js_fast,CWE-22,Exited 0,0.940235757828,0.0847642421722,1.025,successful,failed,
results/secbench-fast-out/CWE-22/dilu_0.1.3/src/get.js_fast,CWE-22,Exited 0,1.609,0.,1.609,failed,failed,
results/secbench-fast-out/CWE-22/serverlyj333_1.1.0/src/index.js_fast,CWE-22,Exited 0,0.860744615555,0.0852553844452,0.946,successful,failed,
results/secbench-fast-out/CWE-22/lessindex_1.0.0/src/index.js_fast,CWE-22,Exited 0,0.943994073868,0.0860059261322,1.03,successful,failed,
results/secbench-fast-out/CWE-22/nodejsccc_1.0.0/src/index.js_fast,CWE-22,Exited 0,1.05997518158,0.40102481842,1.461,successful,failed,
results/secbench-fast-out/CWE-22/rollup-plugin-serve_0.4.2/src/index.cjs.js_fast,CWE-22,Exited 0,2.89136707497,58.830632925,61.722,successful,failed,
results/secbench-fast-out/CWE-22/gamebutler_1.0.4/src/gamebutler.js_fast,CWE-22,Exited 0,1.40440287018,0.189597129822,1.594,failed,failed,
results/secbench-fast-out/CWE-22/static-html-server_0.1.2/src/static-html-server.js_fast,CWE-22,Exited 0,1.42754718399,0.0884528160095,1.516,failed,failed,
results/secbench-fast-out/CWE-22/wuzhuang_1.0.0/src/index.js_fast,CWE-22,Exited 0,0.985525688171,0.173474311829,1.159,successful,failed,
results/secbench-fast-out/CWE-22/glance_3.0.0/src/index.js_fast,CWE-22,Exited 0,2.48,0.,2.48,failed,failed,
results/secbench-fast-out/CWE-22/wind-mvc_0.0.6/src/util4HTML.js_fast,CWE-22,Exited 0,0.765,0.,0.765,failed,failed,
results/secbench-fast-out/CWE-22/willvdb_test_server_0.0.0/src/cityserver.js_fast,CWE-22,Exited 0,1.30790390968,0.342096090317,1.65,successful,failed,
results/secbench-fast-out/CWE-22/stattic_0.2.3/src/index.js_fast,CWE-22,Exited 0,2.03364865875,0.692351341248,2.726,failed,failed,
results/secbench-fast-out/CWE-22/nodeaaaaa_1.3.0/src/index.js_fast,CWE-22,Exited 0,0.976045648575,0.165954351425,1.142,successful,failed,
results/secbench-fast-out/CWE-22/fast-http_0.1.3/src/index.js_fast,CWE-22,Exited 0,1.55588020134,0.48211979866,2.038,failed,successful,
results/secbench-fast-out/CWE-22/webrepl_0.4.7/src/webrepl.js_fast,CWE-22,Exited 0,3.25944869614,8.34155130386,11.601,successful,failed,
results/secbench-fast-out/CWE-22/simple-mock-server_0.2.1/src/simple-mock-server.js_fast,CWE-22,Exited 0,1.61276349449,5.18123650551,6.794,successful,successful,
results/secbench-fast-out/CWE-22/serve-here.js_1.1.0/src/server.js_fast,CWE-22,Exited 0,1.161,0.,1.161,failed,failed,
results/secbench-fast-out/CWE-22/servershuai_1.2.0/src/index.js_fast,CWE-22,Exited 0,0.944402484894,0.0855975151062,1.03,successful,failed,
results/secbench-fast-out/CWE-22/rjpserver_1.0.0/src/index.js_fast,CWE-22,Exited 0,1.06381316376,0.488186836243,1.552,successful,failed,
results/secbench-fast-out/CWE-22/rollup-plugin-serve-favicon_0.4.2/src/index.cjs.js_fast,CWE-22,Exited 0,2.95804223251,46.8589577675,49.817,successful,failed,
results/secbench-fast-out/CWE-22/dcdcdcdcdc_1.0.0/src/node.js_fast,CWE-22,Exited 0,1.16351111984,0.472488880157,1.636,successful,failed,
results/secbench-fast-out/CWE-22/ptest_1.0.0/src/server.js_fast,CWE-22,Exited 0,1.91232734489,0.170672655106,2.083,successful,failed,
results/secbench-fast-out/CWE-22/rollup-plugin-server_0.7.0/src/index.cjs.js_fast,CWE-22,Exited 0,2.91991884804,55.081081152,58.001,successful,failed,
results/secbench-fast-out/CWE-22/yjmyjmyjm_1.0.0/src/index.js_fast,CWE-22,Exited 0,0.963341356277,0.0876586437225,1.051,successful,failed,
results/secbench-fast-out/CWE-22/xbhxbh_1.1.0/src/xbh.js_fast,CWE-22,Exited 0,0.97016642952,0.0888335704803,1.059,successful,failed,
results/secbench-fast-out/CWE-22/yyooopack_3.0.0/src/node.js_fast,CWE-22,Exited 0,1.0001166935,0.0868833065033,1.087,successful,failed,
results/secbench-fast-out/CWE-22/severzlt_1.0.0/src/index.js_fast,CWE-22,Exited 0,0.987569868088,0.174430131912,1.162,successful,failed,
results/secbench-fast-out/CWE-22/sgqserve_1.0.0/src/index.js_fast,CWE-22,Exited 0,1.07587755203,0.429122447968,1.505,successful,failed,
results/secbench-fast-out/CWE-22/tinyserver_0.1.1/src/main.js_fast,CWE-22,Exited 0,1.37421823883,0.339781761169,1.714,failed,failed,
results/secbench-fast-out/CWE-22/myprolyz_1.1.0/src/index.js_fast,CWE-22,Exited 0,0.906785840988,0.0882141590118,0.995,successful,failed,
results/secbench-fast-out/CWE-22/serverzyy_1.0.0/src/index.js_fast,CWE-22,Exited 0,1.03818301964,0.409816980362,1.448,successful,failed,
results/secbench-fast-out/CWE-22/zwserver_0.1.1/src/server.js_fast,CWE-22,Exited 0,1.26648429298,0.342515707016,1.609,successful,failed,
results/secbench-fast-out/CWE-22/datachannel-client_1.0.2/src/server.js_fast,CWE-22,Exited 0,1.43102184296,0.728978157043,2.16,failed,failed,
results/secbench-fast-out/CWE-22/node-cxc_1.0.0/src/app.js_fast,CWE-22,Exited 0,1.2631095829,0.205890417099,1.469,successful,failed,
results/secbench-fast-out/CWE-22/shit-server_1.0.0/src/index.js_fast,CWE-22,Exited 0,1.55988409042,3.08511590958,4.645,failed,failed,
results/secbench-fast-out/CWE-22/hostr_2.0.0/src/static.js_fast,CWE-22,Exited 0,1.363,0.,1.363,failed,failed,
results/secbench-fast-out/CWE-22/gaoxuyan_1.1.0/src/index.js_fast,CWE-22,Exited 0,1.05705323219,0.092946767807,1.15,successful,failed,
results/secbench-fast-out/CWE-22/node-srv_2.0.0/src/server.js_fast,CWE-22,Exited 0,4.612,0.,4.612,failed,failed,
results/secbench-fast-out/CWE-22/node-simple-router_0.10.0/src/router.js_fast,CWE-22,Timeout,nan,nan,600.,failed,failed,
results/secbench-fast-out/CWE-22/mfrs_1.0.0/src/index.js_fast,CWE-22,Exited 0,1.00240570831,0.090594291687,1.093,successful,failed,
results/secbench-fast-out/CWE-22/fakelearnnodejs_0.0.1/src/app.js_fast,CWE-22,Exited 0,1.19552293968,7.81647706032,9.012,successful,successful,
results/secbench-fast-out/CWE-22/ussasasa_1.0.0/src/index.js_fast,CWE-22,Exited 0,0.982768436432,0.0882315635681,1.071,successful,failed,
results/secbench-fast-out/CWE-22/serverliujiayi1_1.1.0/src/index.js_fast,CWE-22,Exited 0,0.958710832596,0.0862891674042,1.045,successful,failed,
results/secbench-fast-out/CWE-22/serverfff_1.1.1/src/index.js_fast,CWE-22,Exited 0,0.993476646423,0.174523353577,1.168,successful,failed,
results/secbench-fast-out/CWE-22/express-blinker_0.0.6/src/index.js_fast,CWE-22,Exited 0,1.47,0.,1.47,failed,failed,
results/secbench-fast-out/CWE-22/rtcmulticonnection-client_1.0.5/src/server.js_fast,CWE-22,Exited 0,1.2346302681,0.583369731903,1.818,failed,failed,
results/secbench-fast-out/CWE-22/lander_1.0.0/src/index.js_fast,CWE-22,Exited 0,1.31587011528,0.35612988472,1.672,failed,failed,
results/secbench-fast-out/CWE-22/peiserver_1.0.0/src/index.js_fast,CWE-22,Exited 0,0.872161621094,0.321838378906,1.194,successful,failed,
results/secbench-fast-out/CWE-22/wangshuai_1.0.0/src/index.js_fast,CWE-22,Exited 0,0.984583900452,0.0884160995483,1.073,successful,failed,
results/secbench-fast-out/CWE-22/paopao613_1.0.0/src/index.js_fast,CWE-22,Exited 0,0.94415643692,0.0858435630798,1.03,successful,failed,
results/secbench-fast-out/CWE-22/augustine_0.2.3/src/index.js_fast,CWE-22,Exited 0,1.72284942627,0.46215057373,2.185,successful,failed,
results/secbench-fast-out/CWE-22/myserve111_1.1.2/src/index.js_fast,CWE-22,Exited 0,1.02980904007,0.0891909599304,1.119,successful,failed,
results/secbench-fast-out/CWE-22/xxf11_1.0.1/src/index.js_fast,CWE-22,Exited 0,0.983045461655,0.169954538345,1.153,successful,failed,
results/secbench-fast-out/CWE-22/caolilinode1_1.0.0/src/caolili.js_fast,CWE-22,Exited 0,1.03870607376,0.096293926239,1.135,successful,failed,
results/secbench-fast-out/CWE-22/shenliru3_1.3.0/src/index.js_fast,CWE-22,Exited 0,0.963311553955,0.0876884460449,1.051,successful,failed,
results/secbench-fast-out/CWE-22/uekw1511server_1.0.1/src/index.js_fast,CWE-22,Exited 0,1.04830724907,0.248692750931,1.297,failed,failed,
results/secbench-fast-out/CWE-22/api-proxy_0.0.2/src/static.js_fast,CWE-22,Exited 0,1.338,0.,1.338,failed,failed,
results/secbench-fast-out/CWE-22/liuyaserver_1.0.0/src/node.js_fast,CWE-22,Exited 0,1.10114073181,0.467859268188,1.569,successful,failed,
results/secbench-fast-out/CWE-22/wintiwebdev_1.0.0/src/app.js_fast,CWE-22,Exited 0,1.05364341545,0.044356584549,1.098,successful,failed,
results/secbench-fast-out/CWE-22/tinyserver2_0.5.2/src/tinyserver.js_fast,CWE-22,Exited 0,1.28792436218,0.0880756378174,1.376,failed,failed,
results/secbench-fast-out/CWE-22/looppake_3.0.0/src/index.js_fast,CWE-22,Exited 0,0.931573554993,0.0904264450073,1.022,successful,failed,
results/secbench-fast-out/CWE-22/ltt.js_1.0.0/src/index.js_fast,CWE-22,Exited 0,0.937231300354,0.085768699646,1.023,successful,failed,
results/secbench-fast-out/CWE-22/hftp_0.0.6/src/static_server.js_fast,CWE-22,Exited 0,2.30306966972,29.8789303303,32.182,failed,failed,
results/secbench-fast-out/CWE-22/mfrserver_1.0.0/src/index.js_fast,CWE-22,Exited 0,1.00159415245,0.0884058475494,1.09,successful,failed,
results/secbench-fast-out/CWE-22/server12311_1.2.0/src/index.js_fast,CWE-22,Exited 0,0.964409948349,0.086590051651,1.051,successful,failed,
results/secbench-fast-out/CWE-22/easy-node-server_1.2.1/src/index.js_fast,CWE-22,Exited 0,1.72726990891,3.01973009109,4.747,successful,failed,
results/secbench-fast-out/CWE-22/node-http-server_8.1.2/src/Server.js_fast,CWE-22,Exited 0,3.52,0.,3.52,failed,failed,
results/secbench-fast-out/CWE-22/@vivaxy-here_3.1.0/src/read-file.js_fast,CWE-22,Exited 0,0.843,0.,0.843,failed,failed,
results/secbench-fast-out/CWE-22/servey_2.2.0/src/index.js_fast,CWE-22,Timeout,nan,nan,600.,failed,failed,
results/secbench-fast-out/CWE-22/serve46_1.0.0/src/index.js_fast,CWE-22,Exited 0,1.0473502655,0.404649734497,1.452,successful,failed,
results/secbench-fast-out/CWE-22/serverhuwenhui_1.1.0/src/node.js_fast,CWE-22,Exited 0,0.97920340538,0.0857965946198,1.065,successful,failed,
results/secbench-fast-out/CWE-22/nitro-server_1.3.3/src/server.js_fast,CWE-22,Exited 0,2.60468205261,9.13331794739,11.738,successful,failed,
results/secbench-fast-out/CWE-22/lzl123_1.1.0/src/index.js_fast,CWE-22,Exited 0,0.956664506912,0.0853354930878,1.042,successful,failed,
results/secbench-fast-out/CWE-22/wuzhuangserver_1.8.0/src/index.js_fast,CWE-22,Exited 0,1.01010483742,0.179895162582,1.19,successful,failed,
results/secbench-fast-out/CWE-22/cuciuci_1.1.0/src/index.js_fast,CWE-22,Exited 0,1.04681607819,0.094183921814,1.141,successful,failed,
results/secbench-fast-out/CWE-22/serverzyqzyq_1.1.0/src/index.js_fast,CWE-22,Exited 0,0.944239572525,0.084760427475,1.029,successful,failed,
results/secbench-fast-out/CWE-22/http-file-server_0.2.6/src/http-file-server.js_fast,CWE-22,Exited 0,3.42669100571,0.796308994293,4.223,failed,failed,
results/secbench-fast-out/CWE-22/fsk-server_0.2.1/src/index.js_fast,CWE-22,Exited 0,2.12561480713,0.396385192871,2.522,successful,failed,
results/secbench-fast-out/CWE-22/songcaihong_1.0.0/src/index.js_fast,CWE-22,Exited 0,0.959984371185,0.0870156288147,1.047,successful,failed,
results/secbench-fast-out/CWE-22/ex-http-frame_1.0.2/src/res.js_fast,CWE-22,Exited 0,1.074,0.,1.074,failed,failed,
results/secbench-fast-out/CWE-22/fbr-client_1.0.3/src/server.js_fast,CWE-22,Exited 0,1.81038908195,0.331610918045,2.142,failed,failed,
results/secbench-fast-out/CWE-22/intsol-package_1.0.0/src/index.js_fast,CWE-22,Exited 0,1.21745771217,0.245542287827,1.463,successful,failed,
results/secbench-fast-out/CWE-22/wenluhong1_1.0.0/src/index.js_fast,CWE-22,Exited 0,0.974375101089,0.171624898911,1.146,successful,failed,
results/secbench-fast-out/CWE-22/wffserve_1.0.0/src/index.js_fast,CWE-22,Exited 0,1.07573334122,0.413266658783,1.489,successful,failed,
results/secbench-fast-out/CWE-22/caolilinode_1.0.0/src/caolili.js_fast,CWE-22,Exited 0,1.06564199066,0.100358009338,1.166,successful,failed,
results/secbench-fast-out/CWE-22/yzt_1.4.0/src/node.js_fast,CWE-22,Exited 0,0.968547515869,0.0864524841309,1.055,successful,failed,
results/secbench-fast-out/CWE-22/zhangranbigman_0.0.1/src/static.js_fast,CWE-22,Exited 0,0.856,0.,0.856,failed,failed,
results/secbench-fast-out/CWE-22/wenluhong11_1.0.0/src/index.js_fast,CWE-22,Exited 0,0.985696157455,0.173303842545,1.159,successful,failed,
results/secbench-fast-out/CWE-22/gfm-srv_1.1.2/src/server.js_fast,CWE-22,Exited 0,1.286,0.,1.286,failed,failed,
results/secbench-fast-out/CWE-22/m-server_1.4.0/src/index.js_fast,CWE-22,Exited 0,2.22012048531,1.11287951469,3.333,failed,failed,
results/secbench-fast-out/CWE-22/der-server_0.0.9/src/der-server.js_fast,CWE-22,Exited 0,1.23830212975,0.230697870255,1.469,successful,failed,
results/secbench-fast-out/CWE-22/angular-http-server_1.0.0/src/angular-http-server.js_fast,CWE-22,Exited 0,1.16346284485,0.227537155151,1.391,successful,failed,
results/secbench-fast-out/CWE-22/susu-sum_1.0.0/src/node.js_fast,CWE-22,Exited 0,0.966870811462,0.0861291885376,1.053,successful,failed,
results/secbench-fast-out/CWE-22/node-staticserver_1.0.3/src/server.js_fast,CWE-22,Exited 0,6.053,0.,6.053,failed,failed,
results/secbench-fast-out/CWE-22/infraserver_0.0.1/src/Infra.data.js_fast,CWE-22,Exited 0,2.94625896835,50.4477410316,53.394,successful,failed,
results/secbench-fast-out/CWE-22/crud-file-server_0.7.0/src/crud-file-server.js_fast,CWE-22,Exited 0,4.763,0.,4.763,failed,failed,
results/secbench-fast-out/CWE-22/caihong_1.0.0/src/index.js_fast,CWE-22,Exited 0,0.938595127106,0.0854048728943,1.024,successful,failed,
results/secbench-fast-out/CWE-22/lihuini_1.0.0/src/index.js_fast,CWE-22,Exited 0,1.07413055611,0.172869443893,1.247,successful,failed,
results/secbench-fast-out/CWE-78/heroku-env_0.2.0/src/get.js_fast,CWE-78,Exited 0,0.844303323746,0.0826966762543,0.927,successful,successful,
results/secbench-fast-out/CWE-78/git-dummy-commit_1.3.0/src/index.js_fast,CWE-78,Exited 0,0.869,0.,0.869,failed,failed,
results/secbench-fast-out/CWE-78/killing_1.0.6/src/killing.js_fast,CWE-78,Exited 0,1.17417882729,2.71382117271,3.888,successful,successful,
results/secbench-fast-out/CWE-78/command-exists_1.2.2/src/command-exists.js_fast,CWE-78,Exited 0,1.43894957352,7.19905042648,8.638,successful,successful,
results/secbench-fast-out/CWE-78/codecov_3.6.4/src/codecov.js_fast,CWE-78,Timeout,nan,nan,600.,failed,failed,
results/secbench-fast-out/CWE-78/gity_1.0.5/src/index.js_fast,CWE-78,Exited 0,3.36091346741,2.83908653259,6.2,successful,successful,
results/secbench-fast-out/CWE-78/hot-formula-parser_3.0.0/src/grammar-parser.js_fast,CWE-78,Timeout,nan,nan,600.,failed,failed,
results/secbench-fast-out/CWE-78/vboxmanage.js_1.0.6/src/index.js_fast,CWE-78,Timeout,nan,nan,600.,failed,failed,
results/secbench-fast-out/CWE-78/lycwed-spritesheetjs_1.2.5/src/generator.js_fast,CWE-78,Exited 0,3.59391797447,77.3650820255,80.959,successful,successful,
results/secbench-fast-out/CWE-78/clamscan_1.2.0/src/index.js_fast,CWE-78,Timeout,nan,nan,600.,failed,failed,
results/secbench-fast-out/CWE-78/pdfinfojs_0.3.6/src/pdfinfo.js_fast,CWE-78,Exited 0,1.464,0.,1.464,failed,failed,
results/secbench-fast-out/CWE-78/kill-by-port_0.0.1/src/index.js_fast,CWE-78,Exited 0,0.828934877396,0.164065122604,0.993,successful,successful,
results/secbench-fast-out/CWE-78/samsung-remote_1.2.5/src/samsung-remote.js_fast,CWE-78,Exited 0,1.53253172874,0.0824682712555,1.615,successful,successful,
results/secbench-fast-out/CWE-78/enpeem_2.2.0/src/index.js_fast,CWE-78,Timeout,nan,nan,600.,failed,failed,
results/secbench-fast-out/CWE-78/imagickal_5.0.1/src/imagickal.js_fast,CWE-78,Exited 0,2.01721524429,2.82478475571,4.842,successful,successful,
results/secbench-fast-out/CWE-78/monorepo-build_0.1.9/src/exec.js_fast,CWE-78,Exited 0,0.788540840149,0.0864591598511,0.875,successful,successful,
results/secbench-fast-out/CWE-78/alfred-workflow-nodejs_2.0.1/src/alfredNode.js_fast,CWE-78,Exited 0,7.05051683235,2.08748316765,9.138,successful,successful,
results/secbench-fast-out/CWE-78/portkiller_1.0.2/src/index.js_fast,CWE-78,Exited 0,1.01320781517,0.28479218483,1.298,successful,successful,
results/secbench-fast-out/CWE-78/ps-visitor_0.0.2/src/index.js_fast,CWE-78,Exited 0,1.80034727478,0.0936527252197,1.894,failed,failed,
results/secbench-fast-out/CWE-78/diskstats_0.0.2/src/stat.js_fast,CWE-78,Exited 0,2.7121633606,1.0958366394,3.808,successful,successful,
results/secbench-fast-out/CWE-78/roar-pidusage_1.1.6/src/stats.js_fast,CWE-78,Exited 0,2.05793250465,0.276067495346,2.334,successful,successful,
results/secbench-fast-out/CWE-78/local-devices_2.0.0/src/index.js_fast,CWE-78,Exited 0,1.66410453415,0.0868954658508,1.751,failed,failed,
results/secbench-fast-out/CWE-78/pidusage_1.0.0/src/stats.js_fast,CWE-78,Exited 0,1.62956191063,0.255438089371,1.885,successful,successful,
results/secbench-fast-out/CWE-78/adb-driver_0.1.8/src/AdbDriver.js_fast,CWE-78,Exited 0,1.10607274437,0.17792725563,1.284,successful,successful,
results/secbench-fast-out/CWE-78/diskusage-ng_0.2.6/src/posix.js_fast,CWE-78,Exited 0,1.07910884476,0.106891155243,1.186,successful,successful,
results/secbench-fast-out/CWE-78/arpping_2.0.0/src/index.js_fast,CWE-78,Exited 0,12.6518167439,35.1921832561,47.844,successful,successful,
results/secbench-fast-out/CWE-78/onion-oled-js_0.0.2/src/oled-exp.js_fast,CWE-78,Exited 0,1.09846132088,0.104538679123,1.203,failed,failed,
results/secbench-fast-out/CWE-78/apex-publish-static-files_2.0.0/src/index.js_fast,CWE-78,Exited 0,1.03720554733,21.7567944527,22.794,successful,successful,
results/secbench-fast-out/CWE-78/port-killer_1.0.1/src/index.js_fast,CWE-78,Exited 0,0.949505903244,0.252494096756,1.202,successful,successful,
results/secbench-fast-out/CWE-78/psnode_0.0.1/src/index.js_fast,CWE-78,Exited 0,1.14300320625,0.336996793747,1.48,successful,successful,
results/secbench-fast-out/CWE-78/kill-port-process_0.0.1/src/index.js_fast,CWE-78,Exited 0,1.20397779274,0.16402220726,1.368,successful,successful,
results/secbench-fast-out/CWE-78/curljs_0.1.2/src/index.js_fast,CWE-78,Exited 0,3.75731114006,3.07868885994,6.836,successful,successful,
results/secbench-fast-out/CWE-78/giting_0.0.7/src/git.js_fast,CWE-78,Exited 0,72.7584468956,46.5535531044,119.312,successful,successful,
results/secbench-fast-out/CWE-78/react-dev-utils_11.0.0/src/getProcessForPort.js_fast,CWE-78,Exited 0,1.1406136055,0.261386394501,1.402,successful,successful,
results/secbench-fast-out/CWE-78/ps-kill_1.0.0/src/index.js_fast,CWE-78,Exited 0,0.896112552643,0.394887447357,1.291,successful,successful,
results/secbench-fast-out/CWE-78/google-cloudstorage-commands_0.0.1/src/index.js_fast,CWE-78,Exited 0,1.3007209568,0.877279043198,2.178,successful,successful,
results/secbench-fast-out/CWE-78/gry_5.0.8/src/index.js_fast,CWE-78,Exited 0,1.292,0.,1.292,failed,failed,
results/secbench-fast-out/CWE-78/eslint-fixer_0.1.5/src/index.js_fast,CWE-78,Exited 0,1.14474681664,0.168253183365,1.313,successful,failed,
results/secbench-fast-out/CWE-78/npm-git-publish_0.2.4-beta/src/publish.js_fast,CWE-78,Exited 0,4.10011527634,4.67588472366,8.776,successful,successful,
results/secbench-fast-out/CWE-78/npm-help_1.0.0/src/index.js_fast,CWE-78,Exited 0,0.913417129517,0.116582870483,1.03,successful,successful,
results/secbench-fast-out/CWE-78/node-mpv_0.12.2/src/mpv.js_fast,CWE-78,Exited 0,7.42634378624,0.53565621376,7.962,successful,successful,
results/secbench-fast-out/CWE-78/git-tags-remote_1.0.2/src/index.js_fast,CWE-78,Exited 0,1.13896563911,0.0950343608856,1.234,successful,successful,
results/secbench-fast-out/CWE-78/ffmpegdotjs_0.0.4/src/index.js_fast,CWE-78,Exited 0,6.08474655533,41.3192534447,47.404,successful,successful,
results/secbench-fast-out/CWE-78/geojson2kml_0.1.1/src/index.js_fast,CWE-78,Exited 0,0.82017996788,0.20982003212,1.03,successful,successful,
results/secbench-fast-out/CWE-78/wc-cmd_1.0.9/src/index.js_fast,CWE-78,Exited 0,1.6664896183,0.251510381699,1.918,successful,successful,
results/secbench-fast-out/CWE-78/xps_1.0.2/src/utils.js_fast,CWE-78,Exited 0,1.18333848381,2.22566151619,3.409,successful,successful,
results/secbench-fast-out/CWE-78/thi.ng-egf_0.3.0/src/index.js_fast,CWE-78,Timeout,nan,nan,600.,failed,failed,
results/secbench-fast-out/CWE-78/deferred-exec_0.3.1/src/deferred-exec.js_fast,CWE-78,Exited 0,1.97394029236,0.742059707642,2.716,successful,successful,
results/secbench-fast-out/CWE-78/killport_1.0.1/src/index.js_fast,CWE-78,Exited 0,1.13562918282,0.170370817184,1.306,successful,successful,
results/secbench-fast-out/CWE-78/buns_1.1.6/src/index.js_fast,CWE-78,Exited 0,30.0976130733,0.178386926651,30.276,successful,successful,
results/secbench-fast-out/CWE-78/growl_1.9.0/src/growl.js_fast,CWE-78,Timeout,nan,nan,600.,failed,failed,
results/secbench-fast-out/CWE-78/connection-tester_0.2.0/src/index.js_fast,CWE-78,Exited 0,1.39381592178,2.98018407822,4.374,successful,successful,
results/secbench-fast-out/CWE-78/curling_0.2.0/src/curl-transport.js_fast,CWE-78,Exited 0,2.96330403709,0.105695962906,3.069,successful,successful,
results/secbench-fast-out/CWE-78/node-latex-pdf_0.0.2/src/node-latex-pdf.js_fast,CWE-78,Exited 0,0.959490629196,0.186509370804,1.146,successful,successful,
results/secbench-fast-out/CWE-78/ffmpeg-sdk_0.0.5/src/index.js_fast,CWE-78,Exited 0,1.79741164589,21.8665883541,23.664,successful,successful,
results/secbench-fast-out/CWE-78/pdf-image_2.0.0/src/index.js_fast,CWE-78,Exited 0,3.16331623459,5.52068376541,8.684,successful,successful,
results/secbench-fast-out/CWE-78/scp_0.0.3/src/scp.js_fast,CWE-78,Exited 0,0.919476949692,23.6425230503,24.562,successful,successful,
results/secbench-fast-out/CWE-78/portprocesses_1.0.4/src/exec.js_fast,CWE-78,Exited 0,0.929700208664,0.196299791336,1.126,successful,successful,
results/secbench-fast-out/CWE-78/libnmap_0.4.11/src/tools.js_fast,CWE-78,Exited 0,1.896,0.,1.896,failed,failed,
results/secbench-fast-out/CWE-78/node-ps_0.0.2/src/index.js_fast,CWE-78,Exited 0,1.18739644814,4.63060355186,5.818,successful,failed,
results/secbench-fast-out/CWE-78/kill-process-by-name_1.0.5/src/index.js_fast,CWE-78,Exited 0,0.825566644669,0.169433355331,0.995,successful,successful,
results/secbench-fast-out/CWE-78/bestzip_2.1.6/src/bestzip.js_fast,CWE-78,Exited 0,3.26182595825,3.45417404175,6.716,successful,successful,
results/secbench-fast-out/CWE-78/wincred_1.0.2/src/index.js_fast,CWE-78,Exited 0,0.92622341156,0.0887765884399,1.015,failed,failed,
results/secbench-fast-out/CWE-78/im-metadata_3.0.1/src/index.js_fast,CWE-78,Exited 0,1.27186133575,17.1001386642,18.372,successful,successful,
results/secbench-fast-out/CWE-78/apiconnect-cli-plugins_6.0.2/src/plugin-loader.js_fast,CWE-78,Exited 0,4.24534322166,0.218656778336,4.464,successful,successful,
results/secbench-fast-out/CWE-78/macfromip_1.1.1/src/macfromip.js_fast,CWE-78,Exited 0,1.77495838547,0.814041614532,2.589,successful,successful,
results/secbench-fast-out/CWE-78/find-process_1.4.4/src/utils.js_fast,CWE-78,Exited 0,1.31665817642,0.172341823578,1.489,successful,successful,
results/secbench-fast-out/CWE-78/xopen_1.0.0/src/index.js_fast,CWE-78,Exited 0,0.908361040115,0.352638959885,1.261,successful,successful,
results/secbench-fast-out/CWE-78/theme-core_0.2.5/src/utils.js_fast,CWE-78,Exited 0,1.49428120232,0.0867187976837,1.581,successful,successful,
results/secbench-fast-out/CWE-78/total.js_3.4.6/src/image.js_fast,CWE-78,Timeout,nan,nan,600.,failed,failed,
results/secbench-fast-out/CWE-78/strider-git_1.0.3/src/index.js_fast,CWE-78,Exited 0,2.90719487762,4.41880512238,7.326,successful,successful,
results/secbench-fast-out/CWE-78/im-resize_2.3.2/src/index.js_fast,CWE-78,Exited 0,4.03321671104,149.012783289,153.046,successful,successful,
results/secbench-fast-out/CWE-78/lsof_0.1.0/src/lsof.js_fast,CWE-78,Exited 0,1.57084987831,0.511150121689,2.082,successful,successful,
results/secbench-fast-out/CWE-78/git-lib_1.6.0/src/git.js_fast,CWE-78,Exited 0,2.92789877701,3.36010122299,6.288,successful,successful,
results/secbench-fast-out/CWE-78/gitblame_0.1.1/src/gitblame.js_fast,CWE-78,Exited 0,0.959032791138,0.0839672088623,1.043,successful,failed,
results/secbench-fast-out/CWE-78/async-git_1.13.1/src/index.js_fast,CWE-78,Exited 0,0.838,0.,0.838,failed,failed,
results/secbench-fast-out/CWE-78/extra-asciinema_1.0.0/src/index.js_fast,CWE-78,Exited 0,8.15165806007,509.57534194,517.727,successful,successful,
results/secbench-fast-out/CWE-78/compass-compile_0.0.1/src/compass.js_fast,CWE-78,Exited 0,1.07599250221,10.4130074978,11.489,successful,failed,
results/secbench-fast-out/CWE-78/ts-process-promises_1.0.2/src/process-promises.js_fast,CWE-78,Exited 0,2.12851483345,0.44148516655,2.57,successful,successful,
results/secbench-fast-out/CWE-78/get-npm-package-version_1.0.6/src/index.js_fast,CWE-78,Exited 0,0.918465492249,5.17853450775,6.097,successful,successful,
results/secbench-fast-out/CWE-78/node-unrar_0.1.0/src/index.js_fast,CWE-78,Exited 0,0.974628992081,2.34537100792,3.32,successful,successful,
results/secbench-fast-out/CWE-78/freespace_1.0.4/src/index.js_fast,CWE-78,Exited 0,1.19905579376,0.328944206238,1.528,successful,successful,
results/vulcan-fast-out/CWE-94/1439/src/grammar-parser.js_fast,CWE-94,Timeout,nan,nan,600.,failed,failed,
results/vulcan-fast-out/CWE-94/GHSA-j665-rvj7-2jv9/src/mosc.js_fast,CWE-94,Exited 0,1.77097884178,0.139021158218,1.91,successful,failed,
results/vulcan-fast-out/CWE-94/GHSA-cf4h-3jhx-xvhq/src/underscore.js_fast,CWE-94,Timeout,nan,nan,600.,failed,failed,
results/vulcan-fast-out/CWE-94/736/src/index.js_fast,CWE-94,Exited 0,-2.03000830078,9.34600830078,7.316,successful,failed,
results/vulcan-fast-out/CWE-94/GHSA-x949-7cm6-fm6p/src/md-to-pdf.js_fast,CWE-94,Exited 0,1.71,0.,1.71,failed,failed,
results/vulcan-fast-out/CWE-94/GHSA-x949-7cm6-fm6p/src/index.js_fast,CWE-94,Exited 0,1.292,0.,1.292,failed,failed,
results/vulcan-fast-out/CWE-94/GHSA-8m2f-74r2-x3f2/src/compile.js_fast,CWE-94,Exited 0,-0.65135333252,1.45435333252,0.803,successful,failed,
results/vulcan-fast-out/CWE-94/GHSA-8m2f-74r2-x3f2/src/index.js_fast,CWE-94,Exited 0,1.042,0.,1.042,failed,failed,
results/vulcan-fast-out/CWE-94/GHSA-7fm6-gxqg-2pwr/src/utils.js_fast,CWE-94,Timeout,nan,nan,600.,failed,failed,
results/vulcan-fast-out/CWE-94/GHSA-f78f-353m-cf4j/src/node-rules.js_fast,CWE-94,Exited 0,3.70353497696,0.538465023041,4.242,successful,successful,
results/vulcan-fast-out/CWE-94/317/src/resize.js_fast,CWE-94,Exited 0,1.295,0.,1.295,failed,failed,
results/vulcan-fast-out/CWE-94/1/src/batch.js_fast,CWE-94,Exited 0,1.64567381668,0.0723261833191,1.718,failed,failed,
results/vulcan-fast-out/CWE-94/1021/src/browser.js_fast,CWE-94,Exited 0,-2.2291763916,3.2901763916,1.061,successful,failed,
results/vulcan-fast-out/CWE-94/1021/src/index.js_fast,CWE-94,Exited 0,1.028,0.,1.028,failed,failed,
results/vulcan-fast-out/CWE-94/552/src/typed-function.js_fast,CWE-94,Timeout,nan,nan,600.,failed,failed,
results/vulcan-fast-out/CWE-94/GHSA-297x-8xj4-vcxv/src/doT.js_fast,CWE-94,Exited 0,14.137883543,0.186116456985,14.324,successful,successful,
results/vulcan-fast-out/CWE-94/GHSA-cg42-4wrc-gp47/src/extend.js_fast,CWE-94,Exited 0,0.980920145035,0.191079854965,1.172,successful,failed,
results/vulcan-fast-out/CWE-94/1499/src/node-rules.js_fast,CWE-94,Exited 0,2.86727150345,0.541728496552,3.409,successful,successful,
results/vulcan-fast-out/CWE-94/GHSA-v756-4whv-48vc/src/messenger-node.js_fast,CWE-94,Exited 0,1.46579383469,0.0702061653137,1.536,successful,successful,
results/vulcan-fast-out/CWE-94/GHSA-29xr-v42j-r956/src/index.js_fast,CWE-94,Exited 0,1.28985695839,34.5101430416,35.8,successful,failed,
results/vulcan-fast-out/CWE-94/GHSA-fw2f-7f87-5r6c/src/encode.js_fast,CWE-94,Exited 0,0.811579904556,0.148420095444,0.96,successful,failed,
results/vulcan-fast-out/CWE-94/1122/src/DocumentMatcher.js_fast,CWE-94,Exited 0,8.77,0.,8.77,failed,failed,
results/vulcan-fast-out/CWE-94/1120/src/index.js_fast,CWE-94,Exited 0,3.296,0.,3.296,failed,failed,
results/vulcan-fast-out/CWE-94/37/src/index.js_fast,CWE-94,Exited 0,0.92290112114,0.0930988788605,1.016,successful,successful,
results/vulcan-fast-out/CWE-94/144/src/index.js_fast,CWE-94,Exited 0,18.8754710579,0.189528942108,19.065,successful,failed,
results/vulcan-fast-out/CWE-471/1327/1327.poc.js/1327.poc.js_fast,CWE-471,Exited 0,0.703,0.,0.703,failed,failed,
results/vulcan-fast-out/CWE-471/1327/src/index.js_fast,CWE-471,Timeout,nan,nan,600.,failed,failed,
results/vulcan-fast-out/CWE-471/1336/src/index.js_fast,CWE-471,Exited 0,0.722,0.,0.722,failed,failed,
results/vulcan-fast-out/CWE-471/578/src/index.js_fast,CWE-471,Exited 0,1.946,0.,1.946,failed,failed,
results/vulcan-fast-out/CWE-471/GHSA-6956-83fg-5wc5/src/index.js_fast,CWE-471,Exited 0,1.11,0.,1.11,failed,failed,
results/vulcan-fast-out/CWE-471/1334/1334.poc.js/1334.poc.js_fast,CWE-471,Exited 0,0.857,0.,0.857,failed,failed,
results/vulcan-fast-out/CWE-471/1334/src/index.js_fast,CWE-471,Exited 0,62.943,0.,62.943,failed,failed,
results/vulcan-fast-out/CWE-471/1312/src/chartkick.js_fast,CWE-471,Exited 0,4.06,0.,4.06,failed,failed,
results/vulcan-fast-out/CWE-471/1343/src/angular.js_fast,CWE-471,Exited 0,49.955,0.,49.955,failed,failed,
results/vulcan-fast-out/CWE-471/GHSA-3xgx-r9j4-qw9w/src/dexie.js_fast,CWE-471,Exited 0,10.159,0.,10.159,failed,failed,
results/vulcan-fast-out/CWE-471/778/src/index.js_fast,CWE-471,Exited 0,1.098,0.,1.098,failed,failed,
results/vulcan-fast-out/CWE-471/801/src/smart-extend.js_fast,CWE-471,Exited 0,1.103,0.,1.103,failed,failed,
results/vulcan-fast-out/CWE-471/1331/src/index.js_fast,CWE-471,Exited 0,1.234,0.,1.234,failed,failed,
results/vulcan-fast-out/CWE-471/917/src/deepMerge.js_fast,CWE-471,Exited 0,7.388,0.,7.388,failed,failed,
results/vulcan-fast-out/CWE-471/GHSA-pfv6-prqm-85q8/src/utils.js_fast,CWE-471,Exited 0,1.787,0.,1.787,failed,failed,
results/vulcan-fast-out/CWE-471/GHSA-6xwr-q98w-rvg7/src/memory.js_fast,CWE-471,Exited 0,3.459,0.,3.459,failed,failed,
results/vulcan-fast-out/CWE-471/1332/src/index.js_fast,CWE-471,Exited 0,0.911,0.,0.911,failed,failed,
results/vulcan-fast-out/CWE-471/577/src/lodash.js_fast,CWE-471,Timeout,nan,nan,600.,failed,failed,
results/vulcan-fast-out/CWE-471/GHSA-23wx-cgxq-vpwx/src/index.js_fast,CWE-471,Exited 0,0.748,0.,0.748,failed,failed,
results/vulcan-fast-out/CWE-471/611/src/deap.js_fast,CWE-471,Exited 0,1.577,0.,1.577,failed,failed,
results/vulcan-fast-out/CWE-471/1071/src/index.js_fast,CWE-471,Timeout,nan,nan,600.,failed,failed,
results/vulcan-fast-out/CWE-471/779/src/index.js_fast,CWE-471,Exited 0,12.908,0.,12.908,failed,failed,
results/vulcan-fast-out/CWE-471/GHSA-x5m8-2r8v-8f97/src/index.js_fast,CWE-471,Exited 0,74.82,0.,74.82,failed,failed,
results/vulcan-fast-out/CWE-471/715/src/index.js_fast,CWE-471,Timeout,nan,nan,600.,failed,failed,
results/vulcan-fast-out/CWE-471/1463/src/klona.js_fast,CWE-471,Exited 0,3.708,0.,3.708,failed,failed,
results/vulcan-fast-out/CWE-471/1012/src/index.js_fast,CWE-471,Exited 0,3.594,0.,3.594,failed,failed,
results/vulcan-fast-out/CWE-471/GHSA-ph28-wwfj-fv7f/src/set.js_fast,CWE-471,Exited 0,0.918,0.,0.918,failed,failed,
results/vulcan-fast-out/CWE-471/GHSA-8g4m-cjm2-96wq/src/index.js_fast,CWE-471,Exited 0,1.519,0.,1.519,failed,failed,
results/vulcan-fast-out/CWE-471/581/src/index.js_fast,CWE-471,Exited 0,0.956,0.,0.956,failed,failed,
results/vulcan-fast-out/CWE-471/1069/src/index.js_fast,CWE-471,Timeout,nan,nan,600.,failed,failed,
results/vulcan-fast-out/CWE-471/1069/1069.poc.js/1069.poc.js_fast,CWE-471,Exited 0,0.837,0.,0.837,failed,failed,
results/vulcan-fast-out/CWE-471/1213/src/index.js_fast,CWE-471,Exited 0,1.85,0.,1.85,failed,failed,
results/vulcan-fast-out/CWE-471/GHSA-mjjj-6p43-vhhv/src/index.js_fast,CWE-471,Exited 0,0.624,0.,0.624,failed,failed,
results/vulcan-fast-out/CWE-471/GHSA-vvv8-xw5f-3f88/src/deepFillIn.js_fast,CWE-471,Exited 0,0.769,0.,0.769,failed,failed,
results/vulcan-fast-out/CWE-471/GHSA-vvv8-xw5f-3f88/src/deepMixIn.js_fast,CWE-471,Exited 0,0.765,0.,0.765,failed,failed,
results/vulcan-fast-out/CWE-471/1068/src/index.js_fast,CWE-471,Timeout,nan,nan,600.,failed,failed,
results/vulcan-fast-out/CWE-471/1094/src/parse.js_fast,CWE-471,Exited 0,1.195,0.,1.195,failed,failed,
results/vulcan-fast-out/CWE-471/1065/src/lodash.js_fast,CWE-471,Timeout,nan,nan,600.,failed,failed,
results/vulcan-fast-out/CWE-471/996/src/index.js_fast,CWE-471,Exited 0,1.096,0.,1.096,failed,failed,
results/vulcan-fast-out/CWE-471/GHSA-3829-mgmw-jcg4/src/deep-merge.js_fast,CWE-471,Timeout,nan,nan,600.,failed,failed,
results/vulcan-fast-out/CWE-471/781/src/extend.js_fast,CWE-471,Exited 0,1.07,0.,1.07,failed,failed,
results/vulcan-fast-out/CWE-471/579/src/index.js_fast,CWE-471,Exited 0,1.091,0.,1.091,failed,failed,
results/vulcan-fast-out/CWE-471/GHSA-p3pg-64pv-v7jg/src/jsgui-lang-essentials.js_fast,CWE-471,Exited 0,4.349,0.,4.349,failed,failed,
results/vulcan-fast-out/CWE-471/GHSA-vhxc-fhm5-qcp9/src/index.js_fast,CWE-471,Exited 0,1.452,0.,1.452,failed,failed,
results/vulcan-fast-out/CWE-471/1070/src/index.js_fast,CWE-471,Timeout,nan,nan,600.,failed,failed,
results/vulcan-fast-out/CWE-471/1469/src/parse.js_fast,CWE-471,Exited 0,6.742,0.,6.742,failed,failed,
results/vulcan-fast-out/CWE-471/1469/src/utils.js_fast,CWE-471,Exited 0,4.121,0.,4.121,failed,failed,
results/vulcan-fast-out/CWE-471/1067/src/index.js_fast,CWE-471,Timeout,nan,nan,600.,failed,failed,
results/vulcan-fast-out/CWE-471/780/src/index.js_fast,CWE-471,Exited 0,0.945,0.,0.945,failed,failed,
results/vulcan-fast-out/CWE-471/716/src/merge-objects.js_fast,CWE-471,Timeout,nan,nan,600.,failed,failed,
results/vulcan-fast-out/CWE-471/GHSA-m639-9whg-fw97/src/extend.js_fast,CWE-471,Exited 0,0.794,0.,0.794,failed,failed,
results/vulcan-fast-out/CWE-471/717/src/index.js_fast,CWE-471,Exited 0,1.034,0.,1.034,failed,failed,
results/vulcan-fast-out/CWE-471/566/src/index.js_fast,CWE-471,Timeout,nan,nan,600.,failed,failed,
results/vulcan-fast-out/CWE-471/739/src/index.js_fast,CWE-471,Exited 0,0.817,0.,0.817,failed,failed,
results/vulcan-fast-out/CWE-471/GHSA-6m85-wvcr-pgw3/src/index.js_fast,CWE-471,Exited 0,3.09,0.,3.09,failed,failed,
results/vulcan-fast-out/CWE-471/1333/1333.poc.js/1333.poc.js_fast,CWE-471,Exited 0,0.716,0.,0.716,failed,failed,
results/vulcan-fast-out/CWE-471/1333/src/index.js_fast,CWE-471,Exited 0,1.094,0.,1.094,failed,failed,
results/vulcan-fast-out/CWE-471/GHSA-8v9x-9xqg-r8mr/src/apply.js_fast,CWE-471,Exited 0,2.094,0.,2.094,failed,failed,
results/vulcan-fast-out/CWE-471/1506/src/set.js_fast,CWE-471,Exited 0,0.899,0.,0.899,failed,failed,
results/vulcan-fast-out/CWE-471/1508/src/index.js_fast,CWE-471,Exited 0,0.918,0.,0.918,failed,failed,
results/vulcan-fast-out/CWE-471/612/src/deep-extend.js_fast,CWE-471,Exited 0,1.386,0.,1.386,failed,failed,
results/vulcan-fast-out/CWE-471/1179/poc.js/poc.js_fast,CWE-471,Exited 0,0.884,0.,0.884,failed,failed,
results/vulcan-fast-out/CWE-471/1179/src/index.js_fast,CWE-471,Timeout,nan,nan,600.,failed,failed,
results/vulcan-fast-out/CWE-471/GHSA-g954-5hwp-pp24/src/util.js_fast,CWE-471,Exited 0,1.322,0.,1.322,failed,failed,
results/vulcan-fast-out/CWE-471/GHSA-jjf5-wx3j-3fv7/src/main.js_fast,CWE-471,Exited 0,1.932,0.,1.932,failed,failed,
results/vulcan-fast-out/CWE-471/GHSA-p23c-p8w2-ww5v/src/index.js_fast,CWE-471,Exited 0,1.623,0.,1.623,failed,failed,
results/vulcan-fast-out/CWE-471/722/src/merge.js_fast,CWE-471,Exited 0,0.877,0.,0.877,failed,failed,
results/vulcan-fast-out/CWE-471/580/src/index.js_fast,CWE-471,Exited 0,0.944,0.,0.944,failed,failed,
results/vulcan-fast-out/CWE-471/GHSA-wwg2-2crq-6grr/src/main.js_fast,CWE-471,Exited 0,0.867,0.,0.867,failed,failed,
results/vulcan-fast-out/CWE-471/1502/src/index.js_fast,CWE-471,Exited 0,0.989,0.,0.989,failed,failed,
results/vulcan-fast-out/CWE-471/995/poc.js/poc.js_fast,CWE-471,Exited 0,0.842,0.,0.842,failed,failed,
results/vulcan-fast-out/CWE-471/995/src/index.js_fast,CWE-471,Exited 0,0.822,0.,0.822,failed,failed,
results/vulcan-fast-out/CWE-471/1480/src/index.js_fast,CWE-471,Exited 0,3.054,0.,3.054,failed,failed,
results/vulcan-fast-out/CWE-471/1014/src/index.js_fast,CWE-471,Exited 0,1.081,0.,1.081,failed,failed,
results/vulcan-fast-out/CWE-471/893/src/merge.js_fast,CWE-471,Timeout,nan,nan,600.,failed,failed,
results/vulcan-fast-out/CWE-22/374/src/index.js_fast,CWE-22,Exited 0,1.04334463501,0.17565536499,1.219,successful,failed,
results/vulcan-fast-out/CWE-22/GHSA-4448-rc82-fcr7/src/read-file.js_fast,CWE-22,Exited 0,0.831,0.,0.831,failed,failed,
results/vulcan-fast-out/CWE-22/GHSA-hj3m-v758-jwx5/src/server.js_fast,CWE-22,Exited 0,1.36380060196,0.0911993980408,1.455,failed,failed,
results/vulcan-fast-out/CWE-22/GHSA-hj3m-v758-jwx5/src/file-system.js_fast,CWE-22,Exited 0,1.305,0.,1.305,failed,failed,
results/vulcan-fast-out/CWE-22/1156/src/index.js_fast,CWE-22,Exited 0,4.417,0.,4.417,failed,failed,
results/vulcan-fast-out/CWE-22/452/src/index.js_fast,CWE-22,Exited 0,3.42641359711,0.212586402893,3.639,successful,failed,
results/vulcan-fast-out/CWE-78/GHSA-xp4x-j9vh-c3wf/src/killer.js_fast,CWE-78,Exited 0,4.20433923149,1.83466076851,6.039,successful,failed,
results/vulcan-fast-out/CWE-78/GHSA-xp4x-j9vh-c3wf/src/index.js_fast,CWE-78,Exited 0,1.301,0.,1.301,failed,failed,
results/vulcan-fast-out/CWE-78/GHSA-926x-m6m5-3mmp/src/index.js_fast,CWE-78,Exited 0,2.39275494194,2.81324505806,5.206,successful,successful,
results/vulcan-fast-out/CWE-78/1433/src/index.js_fast,CWE-78,Exited 0,1.24561948967,0.18138051033,1.427,successful,successful,
results/vulcan-fast-out/CWE-78/960/src/wx.js_fast,CWE-78,Exited 0,8.01703168106,18.9699683189,26.987,successful,successful,
results/vulcan-fast-out/CWE-78/604/src/index.js_fast,CWE-78,Exited 0,1.00624162865,0.165758371353,1.172,successful,successful,
results/vulcan-fast-out/CWE-78/1507/src/index.js_fast,CWE-78,Exited 0,2.07818857765,122.887811422,124.966,successful,successful,
results/vulcan-fast-out/CWE-78/1465/src/traceroute.js_fast,CWE-78,Exited 0,1.46335055351,0.181649446487,1.645,successful,successful,
results/vulcan-fast-out/CWE-78/GHSA-c5hm-xc74-pqrg/poc.js/poc.js_fast,CWE-78,Exited 0,0.836,0.,0.836,failed,failed,
results/vulcan-fast-out/CWE-78/GHSA-c5hm-xc74-pqrg/src/jscover.js_fast,CWE-78,Exited 0,1.79780960464,577.031190395,578.829,successful,successful,
results/vulcan-fast-out/CWE-78/GHSA-cr6m-62pq-hmqh/src/getLockfile.js_fast,CWE-78,Exited 0,1.72608773994,0.476912260056,2.203,successful,successful,
results/vulcan-fast-out/CWE-78/GHSA-3269-x4pw-vffg/src/posix.js_fast,CWE-78,Exited 0,1.16629282188,0.0957071781158,1.262,successful,successful,
results/vulcan-fast-out/CWE-78/360/src/index.js_fast,CWE-78,Exited 0,1.91199476624,55.4870052338,57.399,successful,successful,
results/vulcan-fast-out/CWE-78/694/src/start.js_fast,CWE-78,Exited 0,3.68177919579,0.345220804214,4.027,successful,successful,
results/vulcan-fast-out/CWE-78/1512/src/umount.js_fast,CWE-78,Exited 0,1.33811201096,0.551887989044,1.89,successful,successful,
results/vulcan-fast-out/CWE-78/GHSA-cv76-rv4h-4mqc/src/index.js_fast,CWE-78,Exited 0,3.91444471169,1.13855528831,5.053,successful,successful,
results/vulcan-fast-out/CWE-78/GHSA-rphm-c8gw-3r38/src/index.js_fast,CWE-78,Exited 0,1.84734957504,0.105650424957,1.953,failed,failed,
results/vulcan-fast-out/CWE-78/GHSA-4xrw-wvmq-8jmh/src/key-sender.js_fast,CWE-78,Timeout,nan,nan,600.,failed,failed,
results/vulcan-fast-out/CWE-78/667/src/mid-php.js_fast,CWE-78,Exited 0,1.08759214401,0.182407855988,1.27,successful,successful,
results/vulcan-fast-out/CWE-78/663/src/open.js_fast,CWE-78,Exited 0,1.01338379478,21.4626162052,22.476,successful,successful,
results/vulcan-fast-out/CWE-78/GHSA-qffw-8wg7-h665/src/index.js_fast,CWE-78,Exited 0,105.46471349,1.29728651047,106.762,successful,failed,
results/vulcan-fast-out/CWE-78/GHSA-9v73-x562-wv5x/src/run_index.js_fast,CWE-78,Exited 0,0.888450365067,0.0915496349335,0.98,successful,failed,
results/vulcan-fast-out/CWE-78/GHSA-9v73-x562-wv5x/src/index.js_fast,CWE-78,Exited 0,1.106,0.,1.106,failed,failed,
results/vulcan-fast-out/CWE-78/GHSA-7xhv-mpjw-422f/src/lib_googleIt.js_fast,CWE-78,Exited 0,3.5305457325,0.0914542675018,3.622,successful,failed,
results/vulcan-fast-out/CWE-78/GHSA-chj3-f7xw-367m/src/index.js_fast,CWE-78,Exited 0,1.04964992142,0.0913500785828,1.141,failed,failed,
results/vulcan-fast-out/CWE-78/773/src/server.js_fast,CWE-78,Exited 0,1.826,0.,1.826,failed,failed,
results/vulcan-fast-out/CWE-78/773/src/pi_video_recording.js_fast,CWE-78,Exited 0,1.59224139977,3.67575860023,5.268,successful,successful,
results/vulcan-fast-out/CWE-78/GHSA-pf8j-vhg8-xmc3/src/index.js_fast,CWE-78,Exited 0,2.39463418579,2.21636581421,4.611,successful,successful,
results/vulcan-fast-out/CWE-78/954/src/server.js_fast,CWE-78,Exited 0,1.44772410202,0.20027589798,1.648,successful,failed,
results/vulcan-fast-out/CWE-78/643/src/pdfinfo.js_fast,CWE-78,Exited 0,1.5470813179,5.1679186821,6.715,successful,successful,
results/vulcan-fast-out/CWE-78/1174/src/gitlabhook.js_fast,CWE-78,Exited 0,3.8403456459,0.360654354095,4.201,successful,successful,
results/vulcan-fast-out/CWE-78/GHSA-6m4r-m3gc-h4r5/src/index.js_fast,CWE-78,Exited 0,1.28050177574,5.89949822426,7.18,successful,successful,
results/vulcan-fast-out/CWE-78/1517/src/index.js_fast,CWE-78,Exited 0,1.49470899773,0.0872910022736,1.582,successful,successful,
results/vulcan-fast-out/CWE-78/953/src/expressfs.server.js_fast,CWE-78,Exited 0,2.60449729347,0.199502706528,2.804,successful,successful,
results/vulcan-fast-out/CWE-78/GHSA-h9v8-rm3m-5h5f/src/index.js_fast,CWE-78,Exited 0,1.04583837318,0.372161626816,1.418,successful,successful,
results/vulcan-fast-out/CWE-78/GHSA-4v9w-pvwr-38h3/src/server.js_fast,CWE-78,Exited 0,3.66106551552,103.972934484,107.634,successful,successful,
results/vulcan-fast-out/CWE-78/GHSA-f2jw-pr2c-9x96/src/index.js_fast,CWE-78,Exited 0,32.3340838013,0.47191619873,32.806,successful,successful,
results/vulcan-fast-out/CWE-78/GHSA-8cxp-cjm8-fj36/src/git.js_fast,CWE-78,Exited 0,1.1166552639,0.293344736099,1.41,successful,successful,
results/vulcan-fast-out/CWE-78/GHSA-8cxp-cjm8-fj36/src/Blamer.js_fast,CWE-78,Exited 0,0.963,0.,0.963,failed,failed,
results/vulcan-fast-out/CWE-78/GHSA-8cxp-cjm8-fj36/src/svn.js_fast,CWE-78,Exited 0,1.16646878052,0.276531219482,1.443,successful,successful,
results/vulcan-fast-out/CWE-78/1431/src/index.js_fast,CWE-78,Exited 0,1.0662505455,0.515749454498,1.582,successful,successful,
results/vulcan-fast-out/CWE-78/GHSA-3hq6-rmv7-39vh/src/index.js_fast,CWE-78,Exited 0,1.65905041695,0.915949583054,2.575,successful,failed,
results/vulcan-fast-out/CWE-78/336/src/index.js_fast,CWE-78,Exited 0,1.81301803207,0.682981967926,2.496,successful,successful,
results/vulcan-fast-out/CWE-78/GHSA-3x62-x456-q2vm/src/index.js_fast,CWE-78,Exited 0,1.358,0.,1.358,failed,failed,
results/vulcan-fast-out/CWE-78/153/src/dns-sync.js_fast,CWE-78,Exited 0,1.16,0.,1.16,failed,failed,
results/vulcan-fast-out/CWE-78/356/src/stats.js_fast,CWE-78,Exited 0,2.04669073868,0.266309261322,2.313,successful,successful,
results/vulcan-fast-out/CWE-78/523/src/dns-sync.js_fast,CWE-78,Exited 0,1.129,0.,1.129,failed,failed,
results/vulcan-fast-out/CWE-78/54/src/compare.js_fast,CWE-78,Exited 0,1.33900370026,60.0049962997,61.344,successful,successful,
results/vulcan-fast-out/CWE-78/670/src/index.js_fast,CWE-78,Exited 0,1.83863136292,6.75636863708,8.595,successful,successful,
results/vulcan-fast-out/CWE-78/654/src/unix.js_fast,CWE-78,Exited 0,0.905331270218,0.0866687297821,0.992,successful,successful,
results/vulcan-fast-out/CWE-78/654/src/macosx.js_fast,CWE-78,Exited 0,0.889049003601,0.0839509963989,0.973,successful,successful,
results/vulcan-fast-out/CWE-78/654/src/linux.js_fast,CWE-78,Exited 0,0.88277022934,0.0932297706604,0.976,successful,successful,
results/vulcan-fast-out/CWE-78/GHSA-552j-pv39-f3jf/src/generate.js_fast,CWE-78,Exited 0,20.4412942772,156.796705723,177.238,successful,successful,
results/vulcan-fast-out/CWE-78/789/src/find-opencv.js_fast,CWE-78,Exited 0,1.05980748177,0.380192518234,1.44,successful,failed,
results/vulcan-fast-out/CWE-78/998/src/index.js_fast,CWE-78,Exited 0,0.948365768433,0.0856342315674,1.034,successful,successful,
results/vulcan-fast-out/CWE-78/GHSA-9gqr-xp86-f87h/src/git.js_fast,CWE-78,Timeout,nan,nan,600.,failed,failed,
results/vulcan-fast-out/CWE-78/GHSA-gwp3-f7mr-qpfv/src/index.js_fast,CWE-78,Exited 0,2.186,0.,2.186,failed,failed,
results/vulcan-fast-out/CWE-78/1432/src/index.js_fast,CWE-78,Exited 0,1.59259474564,0.435405254364,2.028,successful,successful,
results/vulcan-fast-out/CWE-78/958/src/routes.js_fast,CWE-78,Exited 0,3.76710913467,10.1108908653,13.878,failed,failed,
results/vulcan-fast-out/CWE-78/719/src/libnmap.js_fast,CWE-78,Exited 0,1.177,0.,1.177,failed,failed,
results/vulcan-fast-out/CWE-78/719/src/tools.js_fast,CWE-78,Exited 0,2.003,0.,2.003,failed,failed,
results/vulcan-fast-out/CWE-78/GHSA-753c-phhg-cj29/src/graph.js_fast,CWE-78,Exited 0,2.71877020836,0.0962297916412,2.815,failed,failed,
results/vulcan-fast-out/CWE-78/1004/src/index.js_fast,CWE-78,Exited 0,1.54994374084,4.53305625916,6.083,successful,failed,
results/vulcan-fast-out/CWE-78/727/src/ascii-art.js_fast,CWE-78,Exited 0,2.75155307579,0.16644692421,2.918,successful,failed,
results/vulcan-fast-out/CWE-78/1446/src/git.js_fast,CWE-78,Exited 0,53.4744737225,39.8085262775,93.283,successful,failed,
results/vulcan-fast-out/CWE-78/695/src/launchEditor.js_fast,CWE-78,Exited 0,2.71942990494,0.437570095062,3.157,successful,successful,
results/vulcan-fast-out/CWE-78/1492/src/controller.js_fast,CWE-78,Exited 0,10.6791702385,2.78282976151,13.462,successful,successful,
results/vulcan-fast-out/CWE-78/1457/src/meta-git-clone.js_fast,CWE-78,Exited 0,1.289,0.,1.289,failed,failed,
results/vulcan-fast-out/CWE-78/977/src/wizard-sync.js_fast,CWE-78,Exited 0,1.78277104378,0.147228956223,1.93,successful,successful,
results/vulcan-fast-out/CWE-78/977/src/api.js_fast,CWE-78,Exited 0,1.082,0.,1.082,failed,failed,
results/vulcan-fast-out/CWE-78/GHSA-6hr9-4692-fch9/src/helper.js_fast,CWE-78,Exited 0,0.88673923111,13.1392607689,14.026,successful,successful,
results/vulcan-fast-out/CWE-78/GHSA-6hr9-4692-fch9/src/index.js_fast,CWE-78,Exited 0,1.005,0.,1.005,failed,failed,
results/vulcan-fast-out/CWE-78/797/src/index.js_fast,CWE-78,Exited 0,1.26498413086,0.110015869141,1.375,successful,successful,
results/vulcan-fast-out/CWE-78/728/src/index.js_fast,CWE-78,Exited 0,1.61050608826,180.271493912,181.882,successful,successful,
results/vulcan-fast-out/CWE-78/966/src/index.js_fast,CWE-78,Exited 0,0.813948144913,0.176051855087,0.99,failed,successful,
results/vulcan-fast-out/CWE-78/659/src/command-exists.js_fast,CWE-78,Exited 0,1.57371224785,0.895287752151,2.469,successful,failed,
results/vulcan-fast-out/CWE-78/40/src/git.js_fast,CWE-78,Exited 0,6.41189914131,0.0921008586884,6.504,failed,failed,
